1,LGA,ORD,444
2,ORD,LGA,430
3,DCA,LGA,304
4,LGA,DCA,297
5,LGA,BOS,288
6,BOS,LGA,286
7,DFW,ORD,232
8,EWR,ORD,225
9,ORD,DFW,224
10,ORD,EWR,221
11,SFO,LAX,217
12,LAX,SFO,213
13,MSN,ORD,206
14,DCA,ORD,204
15,ASE,DEN,198
15,ORD,MSN,198
17,BOS,ORD,197
18,ORD,DCA,196
19,ORD,BOS,194
19,LGA,ATL,194
21,ORD,STL,192
21,STL,ORD,192
23,CVG,ORD,188
24,ATL,LGA,182
25,DEN,ASE,180
25,MSP,ORD,180
25,ORD,CVG,180
28,ORD,MSP,179
29,LGA,DFW,164
30,PHL,ORD,163
31,DFW,LGA,159
32,ORD,PHL,156
32,ATL,ORD,156
34,ORD,ATL,150
35,DTW,ORD,149
36,MKE,ORD,147
37,DSM,ORD,145
38,ORD,DSM,142
38,GRB,ORD,142
40,ORD,DTW,141
41,PIA,ORD,140
42,ORD,MKE,136
43,CID,ORD,134
44,SUN,SLC,132
45,CLE,ORD,131
46,HPN,ORD,130
47,ORD,GRB,129
47,AZO,ORD,129
47,ORD,PIA,129
50,SBN,ORD,128
51,ORD,CID,127
52,DCA,BOS,126
53,ORD,HPN,123
54,ORD,SBN,122
54,ORD,AZO,122
56,DFW,ATL,121
56,BOS,PHL,121
58,ATW,ORD,117
59,LAS,PHX,116
59,ATL,DFW,116
61,BOS,DCA,115
61,ORD,FWA,115
61,ORD,CLE,115
64,FWA,ORD,114
65,BMI,ORD,112
66,ORD,ATW,111
67,PHL,BOS,109
67,ORD,BMI,109
67,IND,ORD,109
70,SLC,SUN,108
70,LAX,ORD,108
72,ICT,ORD,107
73,MEM,ORD,105
73,DFW,DEN,105
75,CVG,LGA,103
75,ORD,IND,103
77,ORD,LAX,102
77,XNA,ORD,102
79,LAX,DFW,101
79,ORD,JFK,101
79,ORD,MEM,101
82,RDU,ORD,100
82,DFW,LAX,100
82,CMH,ORD,100
82,GRR,ORD,100
86,JFK,ORD,99
86,DEN,DFW,99
86,ORD,XNA,99
86,HOU,DAL,99
90,ORD,CMH,97
91,LGA,CVG,95
91,ORD,MCI,95
93,ORD,ICT,93
94,ORD,RDU,92
94,OAK,LAX,92
96,DFW,AUS,91
97,MCI,ORD,90
97,EWR,DTW,90
99,BOS,JFK,89
99,DTW,EWR,89
99,ORD,GRR,89
99,DEN,ORD,89
103,RST,ORD,88
104,AUS,DFW,87
104,DFW,SAT,87
104,JFK,BOS,87
104,SAT,DFW,87
108,ORD,CLT,86
109,ORD,SGF,85
109,SGF,ORD,85
109,LAX,LAS,85
112,DAL,HOU,83
112,DFW,STL,83
114,BDL,ORD,82
114,STL,DFW,82
114,ORD,RST,82
117,CLT,EWR,81
118,SFO,ORD,80
118,EWR,CLT,80
118,LAS,LAX,80
118,SDF,ORD,80
118,ORD,BNA,80
118,ORD,SFO,80
118,LAX,OAK,80
125,BUF,ORD,79
125,ORD,BUF,79
125,BNA,ORD,79
125,OMA,ORD,79
129,ORD,CMI,78
130,ATL,CLT,77
130,CLT,ORD,77
130,ORD,LAN,77
130,CMI,ORD,77
130,LAN,ORD,77
135,ORD,SDF,76
136,MBS,ORD,75
136,DCA,DFW,75
136,SJC,LAX,75
139,SGF,DFW,74
139,EVV,ORD,74
141,PHX,LAS,73
141,SHV,DFW,73
141,MLI,ORD,73
144,DFW,SHV,72
144,ORD,DEN,72
144,DFW,DCA,72
144,SFO,DFW,72
144,ORD,MBS,72
144,CLT,ATL,72
144,MDW,STL,72
144,STL,MDW,72
152,ORD,MLI,71
152,EWR,DFW,71
152,CLT,LGA,71
152,SAN,OAK,71
152,DFW,EWR,71
152,ORD,EVV,71
152,ORD,DAY,71
152,DAL,AUS,71
152,AUS,DAL,71
161,ICT,DFW,70
161,DFW,SFO,70
161,DFW,ICT,70
161,IAH,ORD,70
161,MKE,EWR,70
166,OAK,SAN,69
166,DAY,ORD,69
166,LAX,PHX,69
166,LGA,CLT,69
170,ORD,OMA,68
170,ORD,IAH,68
170,MEM,DFW,68
170,DFW,MEM,68
170,EWR,MKE,68
175,SAN,LAX,67
175,SNA,SFO,67
175,DFW,BOS,67
175,EWR,ATL,67
179,DCA,ATL,66
180,ATL,EWR,65
180,AUS,ORD,65
180,EWR,MSP,65
180,BOS,DFW,65
184,EWR,CVG,64
184,BOS,EWR,64
184,MSP,EWR,64
187,EWR,BOS,63
187,TUL,ORD,63
187,ORD,AUS,63
187,PIT,ORD,63
187,CLE,LGA,63
187,LAX,SJC,63
193,DFW,SGF,62
193,FLG,PHX,62
193,ABQ,DFW,62
193,ATL,DCA,62
193,EWR,DCA,62
193,SFO,SNA,62
193,ORD,BDL,62
193,DFW,LAS,62
201,MCI,DFW,61
201,DCA,EWR,61
203,ORD,TUL,60
203,LGA,CLE,60
203,LAS,DFW,60
203,OKC,ORD,60
203,ORD,PIT,60
203,SAN,SFO,60
209,DFW,ABQ,59
209,SAN,DFW,59
209,ATL,IAD,59
209,ELP,DFW,59
209,DFW,PHL,59
209,PHX,FLG,59
209,DFW,MCI,59
209,PHX,LAX,59
217,PHX,ORD,58
217,EWR,RDU,58
217,SPI,ORD,58
217,ORD,GSP,58
217,DFW,ELP,58
217,BWI,ORD,58
217,RDU,EWR,58
224,CAK,ORD,57
224,XNA,DFW,57
224,GSP,ORD,57
227,MCI,DAL,56
227,ABE,ORD,56
227,OKC,DFW,56
227,DFW,SAN,56
227,OGG,HNL,56
227,PHL,DFW,56
227,DBQ,ORD,56
227,CAE,ORD,56
235,ROC,ORD,55
235,IAD,ORD,55
235,PHX,DFW,55
238,BOS,IAD,54
238,DFW,OKC,54
238,ORD,SPI,54
238,LSE,ORD,54
238,CVG,EWR,54
238,ORD,PHX,54
238,LGA,MSP,54
238,IAD,ATL,54
246,STL,EWR,53
246,ORD,TVC,53
246,MSP,LGA,53
246,ORD,CAK,53
246,DFW,IAH,53
246,DFW,BNA,53
246,LGA,CMH,53
246,BNA,DFW,53
246,ORD,DBQ,53
246,IAH,DFW,53
256,DFW,PHX,52
256,LAX,DEN,52
256,EWR,STL,52
256,ORD,BWI,52
256,ORD,LNK,52
256,ORD,LSE,52
256,IAD,EWR,52
256,GRK,DFW,52
256,CWA,ORD,52
256,HNL,OGG,52
266,MDW,LAS,51
266,SNA,DFW,51
266,ORD,IAD,51
266,EWR,IAD,51
266,ORD,OKC,51
266,ORD,ROC,51
266,DFW,XNA,51
266,DFW,TUL,51
266,DEN,LAX,51
266,DAL,MCI,51
266,MDT,ORD,51
277,SAT,ORD,50
277,LNK,ORD,50
277,STL,LGA,50
277,SYR,ORD,50
277,RIC,ORD,50
277,SFO,JFK,50
283,DEN,EGE,49
283,LAS,MDW,49
283,EGE,DEN,49
283,TUL,DFW,49
283,LIT,DFW,49
283,CMH,LGA,49
289,OAK,BUR,48
289,LAX,SAN,48
289,SPS,DFW,48
289,DFW,GRK,48
289,COS,DFW,48
289,LGA,RDU,48
289,ORD,CAE,48
289,BUR,SFO,48
289,ORD,ABE,48
289,JFK,SFO,48
289,LEX,ORD,48
300,TVC,ORD,47
300,ORD,LEX,47
300,SFO,LAS,47
300,LGA,STL,47
300,MKE,ATL,47
300,DCA,JFK,47
300,DFW,CLT,47
300,LAS,SFO,47
300,JFK,DCA,47
300,BUR,OAK,47
300,DFW,TPA,47
300,IND,LGA,47
312,LGA,IND,46
312,SAN,PHX,46
312,TPA,DFW,46
312,RDU,LGA,46
312,ORD,SYR,46
312,ORD,CWA,46
312,SFO,SAN,46
312,ATL,PHL,46
312,LIT,ORD,46
312,CMH,EWR,46
322,AZO,DTW,45
322,DTW,LGA,45
322,DFW,SPS,45
322,PHL,ATL,45
322,DFW,MCO,45
322,DFW,COS,45
322,MCO,DFW,45
329,MEM,ATL,44
329,MDW,MCI,44
329,TOL,ORD,44
329,DFW,LIT,44
329,ORD,TOL,44
329,BHM,ORD,44
329,EWR,CMH,44
329,TUS,DFW,44
329,IAD,BOS,44
329,CLE,ATL,44
339,CLT,IAD,43
339,ORD,RIC,43
339,MRY,SFO,43
339,ATL,MEM,43
339,DTW,CVG,43
339,DFW,SNA,43
345,SJU,MIA,42
345,GSO,ORD,42
345,DFW,IAD,42
345,BUF,EWR,42
345,SFO,SBA,42
345,ATL,CLE,42
345,IAD,LAX,42
345,SEA,ORD,42
345,ATL,MKE,42
345,CLT,DFW,42
345,BUF,ATL,42
345,DFW,MSY,42
345,DAL,IAH,42
345,JFK,PIT,42
345,IAD,DFW,42
345,PHL,PIT,42
345,ORD,LIT,42
345,LGA,DTW,42
363,IAH,DAL,41
363,DFW,SEA,41
363,LBB,DFW,41
363,SJC,DFW,41
363,ORD,FSD,41
363,ORD,SAT,41
363,DFW,TUS,41
363,FSD,ORD,41
363,PIT,PHL,41
372,DEN,SFO,40
372,MIA,SJU,40
372,BWI,DFW,40
372,CVG,DTW,40
372,DFW,BWI,40
372,IAD,SFO,40
372,MSY,DFW,40
372,LAS,ORD,40
372,DFW,SJC,40
372,AVP,ORD,40
372,DTW,AZO,40
372,SFO,PHX,40
384,IAD,CLE,39
384,ATL,BUF,39
384,SFO,MRY,39
384,BTR,DFW,39
384,ERI,DTW,39
384,BOS,BWI,39
384,SMF,SFO,39
384,MDW,CLE,39
384,BOS,ATL,39
384,LGA,IAD,39
384,CLE,IAD,39
384,JAX,ATL,39
384,PIT,JFK,39
397,ATL,JAX,38
397,JFK,CLT,38
397,MCI,MDW,38
397,EWR,BUF,38
397,IAD,DTW,38
397,IAD,LGA,38
397,MIA,ATL,38
397,CLT,JFK,38
405,SAN,ORD,37
405,ATL,BOS,37
405,CHS,ORD,37
405,DFW,LBB,37
405,JFK,LAX,37
405,DAY,ATL,37
405,ORD,SEA,37
405,STL,ATL,37
405,SFO,BUR,37
405,MCO,ORD,37
405,SLC,DFW,37
405,SEA,DFW,37
405,EWR,PVD,37
405,SEA,OAK,37
405,ORD,LAS,37
405,PVD,EWR,37
405,LEX,DTW,37
405,MDW,DTW,37
405,ORD,PVD,37
405,SAN,LAS,37
425,CAK,ATL,36
425,ATL,IAH,36
425,OAK,SEA,36
425,ORD,MDT,36
425,ORD,MCO,36
425,FAR,ORD,36
425,ORD,GSO,36
425,CHS,IAD,36
425,IAD,CLT,36
425,JFK,RDU,36
425,ATL,DAY,36
425,DFW,RDU,36
425,ACT,DFW,36
425,ORD,SNA,36
425,DRO,DEN,36
425,ORD,SAN,36
441,ATL,MIA,35
441,LAX,JFK,35
441,ORD,SLC,35
441,DTW,DFW,35
441,DTW,ERI,35
441,DTW,IAD,35
441,SFO,EUG,35
441,ATL,STL,35
441,AMA,DFW,35
441,SNA,ORD,35
441,DFW,BTR,35
441,ASE,ORD,35
441,ASE,SLC,35
441,IAD,CAE,35
441,ORD,FAR,35
441,IAD,CHS,35
441,BUF,JFK,35
441,CID,DFW,35
441,ATL,CAK,35
441,ORD,BHM,35
441,IND,DFW,35
441,CLE,MDW,35
441,ORD,ALB,35
441,PVD,ORD,35
441,RDU,DFW,35
441,SBA,SFO,35
441,PHX,SAN,35
441,TEX,PHX,35
469,ROC,JFK,34
469,TYR,DFW,34
469,ONT,PHX,34
469,JFK,CLE,34
469,OMA,DFW,34
469,ORD,AVP,34
469,IAH,ATL,34
469,ORD,FNT,34
469,BTV,JFK,34
469,DFW,SLC,34
479,MOD,SFO,33
479,MKE,MSP,33
479,ATL,RIC,33
479,RNO,SFO,33
479,RDU,ATL,33
479,DFW,IND,33
479,DFW,OMA,33
479,ACV,SFO,33
479,DTW,LEX,33
479,EVV,DTW,33
479,EWR,BTV,33
479,EWR,MCI,33
479,CAK,DTW,33
479,FLL,DFW,33
479,GSO,EWR,33
479,GSP,ATL,33
479,HPN,ATL,33
479,DEN,DRO,33
479,CMH,DFW,33
479,MCI,EWR,33
479,TPA,LGA,33
479,LAW,DFW,33
501,PHX,SFO,32
501,PIT,DFW,32
501,LAX,IAD,32
501,DFW,DTW,32
501,MDW,PHL,32
501,MSP,MKE,32
501,JFK,BUF,32
501,JAC,SLC,32
501,SLC,ORD,32
501,IAH,MEM,32
501,IAD,PIT,32
501,HOU,ATL,32
501,DCA,STL,32
501,EWR,ROC,32
501,BTV,EWR,32
501,EUG,SFO,32
501,BWI,BOS,32
501,RIC,ATL,32
501,DFW,LAW,32
501,SFO,IAD,32
501,RDU,JFK,32
522,MCI,ATL,31
522,SFO,MOD,31
522,SFO,PDX,31
522,CLE,JFK,31
522,SFO,SEA,31
522,CRW,ORD,31
522,DFW,MSP,31
522,EWR,GSO,31
522,FNT,ORD,31
522,LAS,SAN,31
522,LGA,CHS,31
522,LGA,TPA,31
522,MKE,CLE,31
522,STL,DCA,31
522,PHL,CLT,31
522,PIT,IAD,31
522,PWM,EWR,31
522,ROC,EWR,31
522,SAV,ATL,31
522,ATL,GSP,31
522,ATL,SAV,31
543,SEA,SFO,30
543,SFO,RNO,30
543,HSV,DFW,30
543,HOU,DFW,30
543,IAH,LFT,30
543,YUM,PHX,30
543,CLE,CLT,30
543,OAK,PHX,30
543,DFW,CMH,30
543,ALB,ORD,30
543,EWR,PWM,30
543,EWR,MHT,30
543,MFE,DFW,30
543,DFW,ACT,30
543,DFW,AMA,30
543,SGF,MEM,30
559,LAS,OAK,29
559,ORD,MIA,29
559,ROC,ATL,29
559,TWF,SLC,29
559,CHS,LGA,29
559,SNA,LAS,29
559,TXK,DFW,29
559,SBP,SFO,29
559,MSN,LGA,29
559,CLT,CLE,29
559,MSP,DFW,29
559,CAE,IAD,29
559,EWR,BNA,29
559,MHT,EWR,29
559,MFR,SFO,29
559,DSM,DFW,29
559,LAS,SNA,29
559,DFW,TYR,29
559,DFW,HOU,29
559,BNA,EWR,29
559,CLE,MKE,29
559,SLC,TWF,29
559,SFO,SMF,29
559,ABI,DFW,29
559,RST,MSP,29
559,OAK,LAS,29
559,CHA,ORD,29
559,ORD,CHS,29
559,PHX,TEX,29
588,ONT,DFW,28
588,DFW,FLL,28
588,LGA,FNT,28
588,ATL,DTW,28
588,GEG,SEA,28
588,LFT,IAH,28
588,MDW,ATL,28
588,MDW,CMH,28
588,SFO,ONT,28
588,MOB,MEM,28
588,JAX,LGA,28
588,MSP,RST,28
588,DFW,CID,28
588,MYR,CLT,28
588,SFO,ACV,28
588,ORD,CHA,28
588,TPA,ORD,28
588,LGA,RIC,28
606,CLE,DFW,27
606,JFK,ROC,27
606,HOU,HRL,27
606,DFW,DSM,27
606,SLC,JAC,27
606,DFW,MFE,27
606,BWI,JFK,27
606,MEM,IAH,27
606,GSO,ATL,27
606,TRI,ATL,27
606,ORD,ORF,27
606,LGA,IAH,27
606,SDF,DFW,27
606,AGS,ATL,27
606,DFW,ONT,27
606,DAL,SAT,27
606,PHL,MDW,27
606,CID,DTW,27
606,STL,MSP,27
606,IAH,LGA,27
606,ONT,SFO,27
606,MSY,ORD,27
606,DTW,CAK,27
606,ATL,BNA,27
606,HNL,LIH,27
606,CMH,DTW,27
632,LAX,EWR,26
632,DFW,FSM,26
632,PFN,ATL,26
632,DFW,HSV,26
632,DFW,JAN,26
632,PHF,ATL,26
632,OAK,DEN,26
632,JFK,DTW,26
632,BMI,ATL,26
632,CVG,ATL,26
632,DTW,MDW,26
632,BUR,DFW,26
632,SBA,LAX,26
632,PHX,YUM,26
632,PIT,ATL,26
632,ALO,MSP,26
632,MIA,ORD,26
632,EWR,BDL,26
632,JAN,DFW,26
632,MGM,MEM,26
632,CLT,MYR,26
632,ORD,TPA,26
632,RDU,IAD,26
632,FSM,DFW,26
632,MCO,LGA,26
632,SMF,BUR,26
632,BDL,EWR,26
632,LGA,JAX,26
632,CHS,EWR,26
632,LGA,DEN,26
632,ORF,ORD,26
632,ATL,AUS,26
632,SFO,DEN,26
632,SHV,MEM,26
632,DFW,CVG,26
632,SEA,GEG,26
668,SFO,SBP,25
668,ATL,HPN,25
668,MLB,ATL,25
668,HSV,ORD,25
668,SJU,JFK,25
668,SLC,PHX,25
668,IAD,RDU,25
668,DEN,OAK,25
668,ATL,GSO,25
668,ORD,COS,25
668,DFW,TXK,25
668,LIH,HNL,25
668,LGA,GSO,25
668,DTW,ATL,25
668,ATL,AGS,25
668,SFO,EWR,25
668,MDW,BNA,25
668,DTW,CMH,25
668,ASE,PHX,25
668,EWR,SFO,25
668,DFW,JFK,25
668,EWR,CHS,25
668,CLE,MSP,25
668,DTW,JFK,25
668,DTW,EVV,25
668,SAV,ORD,25
668,ATL,PNS,25
668,JFK,BTV,25
668,DSM,DTW,25
668,ATL,MLB,25
668,DFW,BUR,25
699,MEM,SGF,24
699,ATL,HOU,24
699,JFK,DFW,24
699,ATL,ROC,24
699,DFW,SDF,24
699,RNO,LAS,24
699,CMH,MDW,24
699,BOS,CLT,24
699,MDW,BWI,24
699,CMX,MSP,24
699,PHL,MEM,24
699,DAB,ATL,24
699,MSP,STL,24
699,DFW,PIT,24
699,DEN,ATL,24
699,MCO,ATL,24
699,SFO,BOI,24
699,JFK,SJU,24
699,COS,DEN,24
699,CVG,DFW,24
699,DEN,LGA,24
699,BWI,ATL,24
699,OMA,DTW,24
699,IAD,MDT,24
699,SFO,RDD,24
699,MSP,ALO,24
699,TYS,ORD,24
699,ATL,PIT,24
699,TPA,MDW,24
699,VPS,DFW,24
699,DFW,CLE,24
699,MEM,MGM,24
699,MDW,TPA,24
699,EWR,LAX,24
733,DTW,CLT,23
733,SYR,EWR,23
733,HSV,IAD,23
733,LGA,MCO,23
733,DSM,LGA,23
733,JFK,CVG,23
733,PIT,MKE,23
733,ATL,CHS,23
733,BOS,CVG,23
733,ORD,HSV,23
733,MEM,SHV,23
733,MEM,MOB,23
733,DCA,RDU,23
733,CLT,PHL,23
733,DEN,HDN,23
733,BTR,IAH,23
733,ATL,PFN,23
733,LGA,MSN,23
733,ATL,CVG,23
733,GSP,DTW,23
733,BOS,SFO,23
733,JAX,IAD,23
733,JFK,TPA,23
733,ONT,OAK,23
733,MSP,ATL,23
733,ORD,MSY,23
733,BNA,ATL,23
733,BRO,IAH,23
761,SBN,DTW,22
761,IYK,LAX,22
761,FAI,ANC,22
761,ATL,MDW,22
761,JFK,FLL,22
761,EWR,SYR,22
761,GSP,IAD,22
761,BNA,MDW,22
761,BOI,SFO,22
761,ORD,SJC,22
761,ATL,TRI,22
761,SFO,BOS,22
761,PHX,OAK,22
761,CAE,EWR,22
761,SNA,OAK,22
761,DAL,AMA,22
761,MSP,CMX,22
761,HHH,ATL,22
761,PHL,IAD,22
761,BDL,CLT,22
761,CLT,BOS,22
761,RDU,DCA,22
761,MCO,MDW,22
761,LFT,DFW,22
761,EWR,CAE,22
761,FLL,JFK,22
761,CLT,DTW,22
761,RDD,SFO,22
761,PHL,MKE,22
761,MDW,DEN,22
761,ATL,MSP,22
761,PNS,ATL,22
761,CLE,DTW,22
761,PNS,DFW,22
761,TUL,MEM,22
761,ATL,LEX,22
761,CHS,ATL,22
761,ORD,SAV,22
761,PDX,DFW,22
761,MDW,LAX,22
761,GSO,LGA,22
802,BUR,SMF,21
802,GSP,EWR,21
802,MAF,DFW,21
802,LIT,ATL,21
802,PHL,DTW,21
802,DFW,PDX,21
802,SYR,ATL,21
802,DFW,VPS,21
802,MSY,ATL,21
802,CVG,DCA,21
802,DTW,DSM,21
802,LEX,ATL,21
802,MSP,CLE,21
802,IAH,BTR,21
802,DEN,COS,21
802,ATL,BMI,21
802,MLU,DFW,21
802,JAX,DFW,21
802,IAD,GSP,21
802,PDX,OAK,21
802,SMF,DFW,21
802,ATL,MCI,21
802,LAX,SBA,21
802,PIT,EWR,21
802,VPS,ATL,21
802,BHM,DFW,21
802,MHT,PHL,21
802,LAX,MDW,21
802,PNS,CLT,21
802,SJC,ORD,21
802,MDW,MSP,21
802,MDW,MCO,21
802,DCA,CVG,21
802,ATL,MSY,21
802,DEN,IAD,21
802,SLC,ASE,21
802,GNV,ATL,21
802,GPT,ATL,21
802,IND,BOS,21
802,MCO,EWR,21
802,DFW,MIA,21
843,CLT,GSO,20
843,OAK,SNA,20
843,DFW,ABI,20
843,RAP,DEN,20
843,DFW,PNS,20
843,MKE,PHL,20
843,SAT,DAL,20
843,OAK,PDX,20
843,DFW,BHM,20
843,ORF,CLT,20
843,EWR,PIT,20
843,IAH,CLT,20
843,ATL,BHM,20
843,LAX,STL,20
843,EWR,ORF,20
843,CVG,BOS,20
843,DAY,EWR,20
843,MLI,ATL,20
843,COS,ORD,20
843,DFW,JAX,20
843,AUS,ATL,20
843,EWR,OMA,20
843,BUR,SJC,20
843,CRP,DFW,20
843,PHX,ONT,20
843,MIA,EWR,20
843,ORF,EWR,20
843,MIA,LGA,20
843,ATL,PHF,20
843,CLE,BWI,20
843,SAV,IAD,20
843,RDU,PHL,20
843,DFW,MAF,20
843,HSV,MEM,20
843,LGA,TYS,20
843,GSO,CLT,20
843,IAD,PHL,20
843,DFW,CRP,20
843,SDF,ATL,20
843,DFW,SMF,20
843,ORD,CRW,20
843,ALB,CLT,20
843,LEX,CVG,20
843,TPA,JFK,20
843,ATL,DEN,20
843,BOS,IND,20
843,GSP,LGA,20
843,MDT,IAD,20
843,IAD,JAX,20
843,SJC,DEN,20
843,ATL,BWI,20
843,IAD,HSV,20
843,HRL,HOU,20
896,ATL,SDF,19
896,DTW,PHL,19
896,GSP,MEM,19
896,SYR,IAD,19
896,DTW,GSP,19
896,MCO,JFK,19
896,LGA,MIA,19
896,HDN,DEN,19
896,ATL,RDU,19
896,GGG,DFW,19
896,SAN,SJC,19
896,DFW,MLU,19
896,SFO,FAT,19
896,GRB,MSP,19
896,RDU,BOS,19
896,ORD,TYS,19
896,PHL,MCO,19
896,ATL,DAB,19
896,IAH,BRO,19
896,FLL,BOS,19
896,LAS,SJC,19
896,TUS,ORD,19
896,LAX,IYK,19
896,OAK,DFW,19
896,CLT,PNS,19
896,EWR,GSP,19
896,PHX,ASE,19
896,BUR,PHX,19
896,JAN,ATL,19
896,IAD,BDL,19
896,RIC,CLT,19
896,ATL,ICT,19
896,JFK,BWI,19
896,STL,LAX,19
896,OMA,EWR,19
896,SFO,MFR,19
896,DTW,CLE,19
896,AUS,MEM,19
896,MKE,DTW,19
896,MCI,DEN,19
896,MKE,PIT,19
896,DEN,BUR,19
938,ORD,TUS,18
938,ASE,LAX,18
938,BOS,DTW,18
938,BWI,MDW,18
938,ORD,ELP,18
938,DEN,BOS,18
938,ATL,FNT,18
938,DFW,GGG,18
938,BOS,RDU,18
938,ATL,GNV,18
938,SJC,PHX,18
938,DFW,OAK,18
938,OAK,ONT,18
938,BOS,STL,18
938,MSP,MDW,18
938,MSP,CVG,18
938,BIS,MSP,18
938,MLI,MSP,18
938,DTW,OMA,18
938,PHX,SLC,18
938,SJC,SNA,18
938,STL,BOS,18
938,EKO,SLC,18
938,ELM,DTW,18
938,ELP,ORD,18
938,BHM,LGA,18
938,MIA,DFW,18
938,CMH,ATL,18
938,BHM,ATL,18
938,BOS,FLL,18
938,SAV,LGA,18
938,EWR,FLL,18
938,MEM,HSV,18
938,MEM,CVG,18
938,MEM,CLT,18
938,MEM,BTR,18
938,MDW,PHX,18
938,SNA,SJC,18
938,BTR,MEM,18
938,FLL,LGA,18
938,SNA,SEA,18
938,FNT,ATL,18
938,MCO,PHL,18
938,FWA,DTW,18
938,CLE,MEM,18
938,RNO,PHX,18
938,BWI,CLE,18
938,LGA,GRR,18
938,LGA,DSM,18
938,JFK,BDL,18
938,AZO,MSP,18
938,SEA,PDX,18
938,LAX,SMF,18
938,IAD,JFK,18
938,SMF,LAX,18
938,JFK,RIC,18
938,AEX,DFW,18
938,ADQ,ANC,18
938,AMA,DAL,18
938,DEN,SJC,18
938,DEN,SLC,18
938,ANC,FAI,18
1000,IND,DTW,17
1000,IDA,SLC,17
1000,LAS,DEN,17
1000,TUS,PHX,17
1000,ATW,DTW,17
1000,BDL,ATL,17
1000,LGA,FLL,17
1000,LGA,GSP,17
1000,BDL,DCA,17
1000,SLC,EKO,17
1000,ATL,PHX,17
1000,MCI,CLT,17
1000,BDL,JFK,17
1000,SLC,DEN,17
1000,MCO,BOS,17
1000,FLL,EWR,17
1000,FAT,LAX,17
1000,ATL,MLI,17
1000,EWR,SAV,17
1000,MEM,EVV,17
1000,MEM,PHL,17
1000,SRQ,ATL,17
1000,MEM,TUL,17
1000,MHT,ORD,17
1000,BHM,CLT,17
1000,EVV,MEM,17
1000,EVV,ATL,17
1000,DTW,SBN,17
1000,MRY,LAX,17
1000,MSN,MSP,17
1000,STL,DTW,17
1000,ATL,JAN,17
1000,DTW,CID,17
1000,SJC,SAN,17
1000,DFW,RIC,17
1000,SFO,CIC,17
1000,SJC,PDX,17
1000,ATL,EVV,17
1000,ATL,CMH,17
1000,BOS,DEN,17
1000,DFW,AEX,17
1000,SEA,DEN,17
1000,ANC,ADQ,17
1000,DEN,ICT,17
1000,BOS,MCO,17
1000,DAY,DFW,17
1000,PHL,IND,17
1000,PHL,RDU,17
1000,SAT,HOU,17
1000,CMH,MEM,17
1000,CLT,IAH,17
1000,CLT,BHM,17
1000,CLT,ALB,17
1000,RIC,DFW,17
1000,RIC,EWR,17
1000,RIC,LGA,17
1000,RNO,DFW,17
1000,TPA,EWR,17
1000,ROA,ORD,17
1000,CID,MSP,17
1000,BUF,DTW,17
1000,SAV,EWR,17
1000,JAX,ORD,17
1000,IND,PHL,17
1064,LAS,RNO,16
1064,TYS,DFW,16
1064,BWI,CLT,16
1064,DTW,ROC,16
1064,JFK,MCO,16
1064,DTW,BOS,16
1064,DCA,CLE,16
1064,ORD,FLL,16
1064,ATL,BDL,16
1064,PDX,ORD,16
1064,CVG,MEM,16
1064,MSP,MLI,16
1064,CLT,MEM,16
1064,EWR,RIC,16
1064,JAN,MEM,16
1064,DFW,DAY,16
1064,CLT,ORF,16
1064,MEM,GSP,16
1064,JAN,IAH,16
1064,MEM,LGA,16
1064,EWR,MCO,16
1064,MKE,MSN,16
1064,MSN,DTW,16
1064,MSN,DFW,16
1064,DTW,ELM,16
1064,IAD,SAV,16
1064,ELP,PHX,16
1064,ATW,ATL,16
1064,MSP,BIS,16
1064,RSW,JFK,16
1064,KOA,HNL,16
1064,GSO,DTW,16
1064,CLT,RIC,16
1064,ATL,ORF,16
1064,ATL,LIT,16
1064,CLE,DCA,16
1064,TPA,ATL,16
1064,ITO,HNL,16
1064,SNA,DEN,16
1064,MBS,DTW,16
1064,EWR,DAY,16
1064,ABQ,PHX,16
1064,DEN,SEA,16
1064,RIC,JFK,16
1064,ICT,DEN,16
1064,GRR,DTW,16
1064,PHL,JFK,16
1064,ORF,DFW,16
1064,PHL,MHT,16
1064,BDL,IAD,16
1064,FSM,MEM,16
1064,HNL,SFO,16
1064,DFW,RNO,16
1064,DFW,LFT,16
1064,JFK,SYR,16
1064,TLH,MEM,16
1064,RSW,ORD,16
1064,ROC,CVG,16
1064,ROC,DTW,16
1064,MDW,EWR,16
1064,MDW,HOU,16
1064,ROC,IAD,16
1064,PBI,LGA,16
1064,ICT,ATL,16
1064,DSM,MSP,16
1064,STL,DAL,16
1064,CIC,SFO,16
1064,PHX,ABQ,16
1064,BUR,DEN,16
1064,MYR,IAD,16
1064,PDX,SJC,16
1064,ATL,MCO,16
1064,CLT,MCI,16
1137,CPR,DEN,15
1137,SJC,SBA,15
1137,MOB,ATL,15
1137,CMH,MKE,15
1137,MKE,IAH,15
1137,MSP,MSN,15
1137,ORD,PDX,15
1137,BHM,DTW,15
1137,SGF,DTW,15
1137,PNS,ORD,15
1137,MEM,TLH,15
1137,BGM,DTW,15
1137,PSP,DFW,15
1137,EWR,MIA,15
1137,DEN,MDW,15
1137,PSP,PHX,15
1137,MEM,EWR,15
1137,MEM,AUS,15
1137,FAR,MSP,15
1137,MYR,ATL,15
1137,CVG,MKE,15
1137,BNA,LGA,15
1137,FLL,ATL,15
1137,MDW,IAD,15
1137,PHL,PVD,15
1137,ATL,HHH,15
1137,FLL,ORD,15
1137,DEN,RAP,15
1137,FNT,DTW,15
1137,ATL,OKC,15
1137,SDF,DTW,15
1137,GJT,DEN,15
1137,GJT,PHX,15
1137,OKC,ATL,15
1137,MCI,MSP,15
1137,GSO,MEM,15
1137,OKC,IAH,15
1137,PHL,CVG,15
1137,RNO,DEN,15
1137,OMA,ATL,15
1137,TVC,DTW,15
1137,GUC,DEN,15
1137,IND,ATL,15
1137,OME,ANC,15
1137,CLE,ALB,15
1137,SLC,IDA,15
1137,LGA,PBI,15
1137,SWF,ATL,15
1137,IND,EWR,15
1137,ORD,MHT,15
1137,LGA,BNA,15
1137,PDX,SFO,15
1137,IAD,DEN,15
1137,DCA,BDL,15
1137,ONT,SMF,15
1137,JFK,IAD,15
1137,BWI,MEM,15
1137,ORF,ATL,15
1137,ORD,ASE,15
1137,LAX,SEA,15
1137,SJC,ONT,15
1137,CEC,SFO,15
1137,DEN,GUC,15
1137,IAD,ROC,15
1137,JFK,PHL,15
1137,ATL,TPA,15
1137,SEA,LAX,15
1137,IAH,JAN,15
1137,ANC,SEA,15
1137,ATL,VPS,15
1137,LAS,ONT,15
1137,ORD,RSW,15
1137,ALB,CLE,15
1137,MSP,CID,15
1137,PHX,MDW,15
1137,DTW,FWA,15
1137,MSP,AZO,15
1137,SYR,JFK,15
1137,MSP,GRB,15
1137,CSG,ATL,15
1217,CLT,ILM,14
1217,DTW,ATW,14
1217,LGA,SAV,14
1217,BDL,DFW,14
1217,ROA,DTW,14
1217,DTW,MKE,14
1217,CMH,JFK,14
1217,DTW,ABE,14
1217,OAK,MDW,14
1217,MDT,ATL,14
1217,SBP,LAX,14
1217,BWI,HOU,14
1217,SNA,PHX,14
1217,JNU,ANC,14
1217,BNA,STL,14
1217,IAH,PHX,14
1217,ORF,IAD,14
1217,DTW,MSN,14
1217,MIA,JFK,14
1217,DFW,LRD,14
1217,HNL,KOA,14
1217,GRR,CLE,14
1217,DEN,RNO,14
1217,GRR,CVG,14
1217,LRD,DFW,14
1217,SFO,PSP,14
1217,DAY,DTW,14
1217,MIA,IAH,14
1217,ILM,CLT,14
1217,ATL,GPT,14
1217,GSO,DFW,14
1217,MCI,IAD,14
1217,LAS,SLC,14
1217,ATL,TYS,14
1217,OKC,MEM,14
1217,JFK,STL,14
1217,SGU,SLC,14
1217,STL,JFK,14
1217,CAE,ATL,14
1217,PNS,MEM,14
1217,DTW,MBS,14
1217,SBA,SJC,14
1217,JFK,RSW,14
1217,JFK,PVD,14
1217,MSN,MKE,14
1217,IAD,MYR,14
1217,PHX,IAH,14
1217,EWR,MEM,14
1217,DTW,BHM,14
1217,ATL,SYR,14
1217,MEM,JAN,14
1217,MOB,DFW,14
1217,PIA,DTW,14
1217,LAX,PSP,14
1217,IAH,MIA,14
1217,MEM,FSM,14
1217,SJU,FLL,14
1217,MKE,DEN,14
1217,EWR,PHX,14
1217,SEA,ANC,14
1217,JFK,MIA,14
1217,DTW,GSO,14
1217,BNA,DCA,14
1217,EWR,TPA,14
1217,ATL,SRQ,14
1217,IAH,MKE,14
1217,STL,BNA,14
1217,DFW,BDL,14
1217,MDW,SAN,14
1217,DEN,MCI,14
1217,FAT,DFW,14
1217,FAT,PHX,14
1217,CVG,CID,14
1217,CHA,MEM,14
1217,SBN,ATL,14
1217,MDW,OAK,14
1217,JAX,EWR,14
1217,XNA,MSP,14
1217,LGA,CAE,14
1217,STL,MEM,14
1217,PVD,PHL,14
1217,PWM,CLT,14
1299,SCE,DTW,13
1299,ORD,PNS,13
1299,ALB,ATL,13
1299,IAH,GPT,13
1299,CHA,ATL,13
1299,SMF,ONT,13
1299,LAN,DTW,13
1299,SAV,CLT,13
1299,LGA,LEX,13
1299,HOU,SAT,13
1299,SMF,PHX,13
1299,SMF,SAN,13
1299,TYS,ATL,13
1299,ROA,IAD,13
1299,ROA,ATL,13
1299,HDN,ORD,13
1299,CLE,EWR,13
1299,CLE,GRR,13
1299,MCN,ATL,13
1299,CLE,MCO,13
1299,XNA,ATL,13
1299,MCO,CLE,13
1299,SEA,PHX,13
1299,BUF,BWI,13
1299,GPT,IAH,13
1299,BUF,BOS,13
1299,FNT,LGA,13
1299,CAE,LGA,13
1299,PWM,ATL,13
1299,ATL,MOB,13
1299,MDW,MHT,13
1299,BET,ANC,13
1299,PVD,IAD,13
1299,EWR,SDF,13
1299,MEM,CHA,13
1299,PVD,ATL,13
1299,CLT,PWM,13
1299,EWR,MDW,13
1299,MEM,PNS,13
1299,MEM,STL,13
1299,CLT,SAV,13
1299,PSC,DEN,13
1299,ATL,MDT,13
1299,EWR,CLE,13
1299,SEA,SNA,13
1299,PIT,LGA,13
1299,ABE,DTW,13
1299,SJT,DFW,13
1299,MKE,CMH,13
1299,MKE,OMA,13
1299,DTW,PIA,13
1299,COS,IAH,13
1299,PHX,RNO,13
1299,IAH,OKC,13
1299,DTW,FNT,13
1299,DSM,MEM,13
1299,CVG,LEX,13
1299,DFW,SJT,13
1299,STL,MCO,13
1299,DFW,PSP,13
1299,BNA,MEM,13
1299,DFW,ORF,13
1299,SAN,SMF,13
1299,SHV,DTW,13
1299,PDX,SEA,13
1299,DFW,FAT,13
1299,DCA,CLT,13
1299,DCA,DTW,13
1299,DCA,IND,13
1299,PBI,JFK,13
1299,PBI,EWR,13
1299,PBI,DFW,13
1299,SAT,ATL,13
1299,DEN,EWR,13
1299,ORD,JAX,13
1374,DTW,ROA,12
1374,MTJ,DEN,12
1374,BNA,IAH,12
1374,SYR,CVG,12
1374,DTW,BGM,12
1374,PVD,JFK,12
1374,SFO,HNL,12
1374,DTW,TVC,12
1374,MCI,CLE,12
1374,MEM,BNA,12
1374,DAL,STL,12
1374,LAX,SLC,12
1374,DEN,OKC,12
1374,GTR,ATL,12
1374,MEM,CLE,12
1374,CLE,CVG,12
1374,MEM,CMH,12
1374,LAX,FAT,12
1374,DTW,STL,12
1374,MIA,CLT,12
1374,HDN,SLC,12
1374,CLE,BOS,12
1374,MSY,HOU,12
1374,HNL,ITO,12
1374,MKE,CVG,12
1374,SAN,ATL,12
1374,STL,CLT,12
1374,DFW,TYS,12
1374,AVL,ATL,12
1374,PSP,ORD,12
1374,PSP,LAX,12
1374,ABQ,DEN,12
1374,SAN,MDW,12
1374,DTW,AVP,12
1374,ATL,PVD,12
1374,STL,PHX,12
1374,ATL,CSG,12
1374,ATL,LAX,12
1374,CHS,CLT,12
1374,MSP,XNA,12
1374,SFO,CEC,12
1374,JNU,SIT,12
1374,ORF,DTW,12
1374,IAD,ROA,12
1374,TUL,ATL,12
1374,IAD,PVD,12
1374,DRO,PHX,12
1374,TYS,LGA,12
1374,PIH,SLC,12
1374,MSP,FAR,12
1374,EWR,IND,12
1374,RSW,DFW,12
1374,SLC,LAX,12
1374,JFK,LAS,12
1374,DTW,SCE,12
1374,BOS,CLE,12
1374,MEM,PFN,12
1374,IAH,MFE,12
1374,CVG,CAE,12
1374,PLN,DTW,12
1374,ANC,BET,12
1374,SLC,PIH,12
1374,ATL,CAE,12
1374,SWF,DTW,12
1374,ATL,CHA,12
1374,DTW,SGF,12
1374,HPN,DTW,12
1374,CLT,STL,12
1374,PFN,MEM,12
1374,TYS,CVG,12
1374,SFO,SLC,12
1374,IAH,CVG,12
1374,BTV,DTW,12
1374,CLL,DFW,12
1374,FSD,DEN,12
1374,RDU,MEM,12
1374,CLT,BDL,12
1374,GFK,MSP,12
1374,FLL,SJU,12
1374,PIA,ATL,12
1374,ATL,IND,12
1374,TLH,ATL,12
1374,TUL,DEN,12
1374,ATL,MYR,12
1374,BOS,LAX,12
1374,GRR,ATL,12
1374,DTW,PLN,12
1374,DTW,BUF,12
1374,GRR,LGA,12
1374,GRR,MEM,12
1374,PWM,ORD,12
1374,IAH,COS,12
1374,CVG,PHL,12
1374,CLE,MCI,12
1374,DFW,PBI,12
1374,DEN,PHX,12
1374,SFO,BFL,12
1374,DFW,MOB,12
1374,PHX,ATL,12
1374,ATL,FLL,12
1374,DFW,GSO,12
1374,IAD,MDW,12
1476,PBI,ATL,11
1476,HOU,MDW,11
1476,ATL,FAY,11
1476,MSY,IAH,11
1476,HSV,ATL,11
1476,CVG,MSP,11
1476,SMX,LAX,11
1476,SLC,OAK,11
1476,MDW,OMA,11
1476,FAY,ATL,11
1476,FAT,SFO,11
1476,BUF,CLT,11
1476,BFL,SFO,11
1476,PHX,EWR,11
1476,DFW,MKE,11
1476,HOU,MSY,11
1476,PBI,BOS,11
1476,MEM,XNA,11
1476,IND,DCA,11
1476,DEN,TUL,11
1476,RNO,LAX,11
1476,XNA,LGA,11
1476,ORD,PSP,11
1476,PHX,SJC,11
1476,CMH,CVG,11
1476,EWR,PBI,11
1476,LAS,SMF,11
1476,BDL,CVG,11
1476,MHT,CLE,11
1476,CID,CVG,11
1476,XNA,MEM,11
1476,LAX,RNO,11
1476,LGA,PIT,11
1476,PHX,BUR,11
1476,CLD,LAX,11
1476,LAX,ATL,11
1476,MHT,CVG,11
1476,PSP,SFO,11
1476,SAN,DEN,11
1476,CVG,JFK,11
1476,PIT,CVG,11
1476,AUS,LAX,11
1476,BNA,CLT,11
1476,AVP,DTW,11
1476,JFK,PBI,11
1476,SDF,EWR,11
1476,SLC,SFO,11
1476,BTR,ATL,11
1476,PHX,SEA,11
1476,IAD,PWM,11
1476,PHX,DRO,11
1476,IAD,SYR,11
1476,SMF,LAS,11
1476,MCO,STL,11
1476,MKE,DFW,11
1476,ATL,PWM,11
1476,PIT,CLT,11
1476,CLT,BNA,11
1476,CLE,MHT,11
1476,RIC,DTW,11
1476,DTW,SHV,11
1476,CLT,BWI,11
1476,MSN,EWR,11
1476,OMA,MKE,11
1476,DTW,DAY,11
1476,CLT,CHS,11
1476,BGR,DTW,11
1476,MSN,MEM,11
1476,DEN,LAS,11
1476,MLI,MEM,11
1476,SBA,PHX,11
1476,MDW,BUF,11
1476,LAX,CLD,11
1476,CAE,MEM,11
1476,DEN,CPR,11
1476,DTW,BTV,11
1476,ATL,TLH,11
1476,LIT,IAH,11
1476,BWI,BUF,11
1476,LGA,MEM,11
1476,ATL,SBN,11
1476,ATL,AVL,11
1476,PWM,JFK,11
1476,PWM,IAD,11
1476,CHS,DFW,11
1476,SJC,BUR,11
1562,LCH,IAH,10
1562,LEX,DFW,10
1562,AUS,JFK,10
1562,LGA,CAK,10
1562,IAH,SLC,10
1562,SLC,SGU,10
1562,ATL,SAT,10
1562,SJC,LAS,10
1562,ATW,CVG,10
1562,DAY,MSP,10
1562,MHT,ATL,10
1562,CID,DEN,10
1562,BGR,EWR,10
1562,LAS,JFK,10
1562,HOU,PHX,10
1562,CMH,BWI,10
1562,HOU,JFK,10
1562,DEN,DSM,10
1562,LNK,DTW,10
1562,ACV,SMF,10
1562,EWR,BWI,10
1562,LSE,MSP,10
1562,BWI,MKE,10
1562,DAY,CLE,10
1562,CLE,DAY,10
1562,EWR,BHM,10
1562,MCI,CVG,10
1562,ATL,PBI,10
1562,DFW,MSN,10
1562,EWR,BGR,10
1562,PHL,FLL,10
1562,OKC,DEN,10
1562,CVG,IAH,10
1562,ATL,ALB,10
1562,MLI,DTW,10
1562,ATL,ATW,10
1562,STL,TPA,10
1562,GRB,MQT,10
1562,GRB,DTW,10
1562,ATL,OMA,10
1562,SLC,CVG,10
1562,DEN,PSC,10
1562,IAH,MCI,10
1562,ATL,GTR,10
1562,BHM,EWR,10
1562,FSD,MSP,10
1562,ORD,PBI,10
1562,BDL,RDU,10
1562,SDF,MDW,10
1562,DFW,RSW,10
1562,ATL,MCN,10
1562,SBP,PHX,10
1562,EGE,DFW,10
1562,SDF,MEM,10
1562,MDW,PIT,10
1562,MIA,XNA,10
1562,DTW,SWF,10
1562,MEM,CAE,10
1562,TPA,BOS,10
1562,IAH,LIT,10
1562,STL,MCI,10
1562,MEM,GSO,10
1562,CAE,DTW,10
1562,DLH,MSP,10
1562,LAS,PSP,10
1562,MOB,IAH,10
1562,CAE,CVG,10
1562,PHX,GJT,10
1562,SGF,ATL,10
1562,XNA,MIA,10
1562,DTW,LNK,10
1562,DTW,IND,10
1562,ALB,CVG,10
1562,MSN,ATL,10
1562,DTW,HPN,10
1562,CVG,BDL,10
1562,LAS,FAT,10
1562,MEM,OKC,10
1562,MSP,DLH,10
1562,MEM,OMA,10
1562,PSP,DEN,10
1562,DTW,GRR,10
1562,BWI,EWR,10
1562,DTW,GRB,10
1562,CVG,BWI,10
1562,CLT,RDU,10
1562,IAH,LCH,10
1562,LAS,SEA,10
1562,EWR,JAX,10
1562,IAH,DCA,10
1562,DTW,SDF,10
1562,LAX,BOS,10
1562,SLC,PSC,10
1562,TYS,DTW,10
1562,ORD,ROA,10
1562,DEN,ABQ,10
1562,DFW,CLL,10
1562,PDX,DEN,10
1562,DCA,IAH,10
1562,BOS,PBI,10
1562,BOS,BUF,10
1562,PDX,LAS,10
1562,ATL,SWF,10
1562,PDX,LAX,10
1562,IAH,MOB,10
1562,MFE,IAH,10
1562,PSC,SLC,10
1562,ONT,SJC,10
1670,SGF,MSP,9
1670,PHL,SFO,9
1670,JNU,SEA,9
1670,JFK,PWM,9
1670,JFK,HOU,9
1670,CMH,PHL,9
1670,JAX,MEM,9
1670,CLT,DCA,9
1670,ORD,SMF,9
1670,RDU,BDL,9
1670,MSP,SDF,9
1670,ABE,CLE,9
1670,SFO,ATL,9
1670,MDW,BDL,9
1670,ATL,SAN,9
1670,LAS,BUR,9
1670,RDU,CLT,9
1670,IND,CLT,9
1670,XNA,EWR,9
1670,CLT,BUF,9
1670,PIT,DTW,9
1670,JFK,CMH,9
1670,DSM,ATL,9
1670,JAC,DEN,9
1670,IAH,MLU,9
1670,OTZ,OME,9
1670,RIC,CLE,9
1670,ISP,ATL,9
1670,ORD,LGB,9
1670,SAT,PHX,9
1670,CVG,GRR,9
1670,FLL,PHL,9
1670,CWA,DTW,9
1670,OAK,SLC,9
1670,DEN,MKE,9
1670,CLE,RIC,9
1670,CVG,ROC,9
1670,FLO,ATL,9
1670,ATL,ILM,9
1670,RDU,MKE,9
1670,CVG,PIT,9
1670,RDU,MDW,9
1670,FWA,ATL,9
1670,LAX,SMX,9
1670,CVG,JAX,9
1670,JFK,STT,9
1670,DSM,CVG,9
1670,PBI,ORD,9
1670,MHT,DTW,9
1670,MEM,SDF,9
1670,IND,MCI,9
1670,IAH,ICT,9
1670,MSP,LSE,9
1670,SCE,ATL,9
1670,SEA,JFK,9
1670,DFW,CHS,9
1670,ATL,BTR,9
1670,MHT,MDW,9
1670,DRO,SLC,9
1670,DCA,BNA,9
1670,AUS,MCI,9
1670,JFK,ATL,9
1670,IND,MSP,9
1670,SFO,PMD,9
1670,CVG,BNA,9
1670,DSM,DEN,9
1670,BWI,TPA,9
1670,DFW,GSP,9
1670,CLE,ABE,9
1670,ROC,CLE,9
1670,DEN,SNA,9
1670,DTW,DCA,9
1670,OME,OTZ,9
1670,BDL,DTW,9
1670,HOU,CRP,9
1670,MSN,DEN,9
1670,DFW,GPT,9
1670,STL,IAH,9
1670,PSP,LAS,9
1670,DTW,MLI,9
1670,LIT,DAL,9
1670,PHX,PSP,9
1670,MLU,IAH,9
1670,SDF,MSP,9
1670,COS,PHX,9
1670,CVG,DSM,9
1670,STT,JFK,9
1670,ATL,XNA,9
1670,CLE,BNA,9
1670,MEM,DSM,9
1670,ATL,MHT,9
1670,LAX,SBP,9
1670,SUX,MSP,9
1670,CLE,BUF,9
1670,ATL,SFO,9
1670,ORD,PWM,9
1670,BDL,BWI,9
1670,ATL,PIA,9
1670,SLC,DRO,9
1670,LYH,ATL,9
1670,DFW,EGE,9
1670,EWR,DEN,9
1670,CLT,MIA,9
1670,PVD,CVG,9
1670,STL,LAS,9
1670,EWR,RSW,9
1670,MKE,BWI,9
1670,MCI,AUS,9
1670,LAX,PDX,9
1670,BNA,CVG,9
1670,ILM,ATL,9
1670,XNA,IAH,9
1670,RSW,EWR,9
1670,IAD,MSY,9
1670,ALB,EWR,9
1670,BNA,DTW,9
1670,IDA,DEN,9
1670,PHL,CMH,9
1670,MDW,RDU,9
1670,BNA,JFK,9
1670,MCI,IAH,9
1670,MCI,IND,9
1670,ORF,MSP,9
1670,MKE,RDU,9
1670,OAJ,ATL,9
1670,GSP,DFW,9
1670,DTW,BGR,9
1670,MCI,MEM,9
1670,SNA,SLC,9
1670,JAX,JFK,9
1670,BHM,MEM,9
1670,BUF,CLE,9
1670,CHO,ATL,9
1670,ICT,IAH,9
1670,DEN,GJT,9
1670,JAX,CVG,9
1670,MKE,MQT,9
1670,GSO,CVG,9
1808,DTW,CAE,8
1808,IAH,MSY,8
1808,MOD,LAX,8
1808,MQT,MKE,8
1808,CVG,DEN,8
1808,MSP,GRR,8
1808,MSP,GFK,8
1808,MSP,FSD,8
1808,CVG,ATW,8
1808,BIL,SLC,8
1808,MSN,CLE,8
1808,CVG,CLE,8
1808,ATL,JFK,8
1808,MSO,SLC,8
1808,MSP,DEN,8
1808,MSP,DAY,8
1808,VLD,ATL,8
1808,STL,HOU,8
1808,SLC,SNA,8
1808,ATL,CHO,8
1808,LAS,STL,8
1808,IAH,GRK,8
1808,DEN,IDA,8
1808,IAH,DEN,8
1808,LAX,AUS,8
1808,PBI,PHL,8
1808,IAH,BNA,8
1808,JAC,ORD,8
1808,DCA,MIA,8
1808,AUS,CVG,8
1808,IAD,ORF,8
1808,ORD,BOI,8
1808,IAD,MCO,8
1808,JAX,BOS,8
1808,IAD,GSO,8
1808,IAD,CVG,8
1808,AUS,IAD,8
1808,JFK,AUS,8
1808,ATL,SGF,8
1808,HSV,CVG,8
1808,CID,ATL,8
1808,ATL,RSW,8
1808,TPA,IAD,8
1808,DEN,JAC,8
1808,RST,DTW,8
1808,SDF,BWI,8
1808,ATL,ROA,8
1808,IND,BDL,8
1808,DAY,MKE,8
1808,SHV,ATL,8
1808,ONT,DEN,8
1808,WRG,KTN,8
1808,DFW,LEX,8
1808,SLC,IAH,8
1808,LGB,ORD,8
1808,LGB,PHX,8
1808,SLC,HDN,8
1808,ATL,FWA,8
1808,ABY,ATL,8
1808,SFO,PHL,8
1808,OMA,MEM,8
1808,OMA,MDW,8
1808,ABQ,ORD,8
1808,BDL,IND,8
1808,CAK,LGA,8
1808,PHL,CLE,8
1808,CLE,DEN,8
1808,GSO,IAD,8
1808,DAL,ABQ,8
1808,DAB,LGA,8
1808,MCI,SAT,8
1808,BDL,MKE,8
1808,SGF,STL,8
1808,GRR,DFW,8
1808,ATL,GRR,8
1808,GRK,IAH,8
1808,GPT,DFW,8
1808,MCO,IAD,8
1808,CLE,ROC,8
1808,CVG,PVD,8
1808,SAT,DEN,8
1808,RDU,IND,8
1808,SLC,ATL,8
1808,TPA,STL,8
1808,MDT,CLT,8
1808,SMF,ACV,8
1808,FLL,CLT,8
1808,BTR,ORD,8
1808,TPA,CLE,8
1808,MDW,FLL,8
1808,TPA,BWI,8
1808,DEN,ONT,8
1808,ATL,MLU,8
1808,MDW,SDF,8
1808,CVG,MHT,8
1808,EWR,XNA,8
1808,ASE,SFO,8
1808,LAS,CLE,8
1808,MEI,ATL,8
1808,PVD,DTW,8
1808,ICT,MSP,8
1808,MSY,IAD,8
1808,SPI,IAD,8
1808,ICT,MEM,8
1808,SAN,SEA,8
1808,ATL,HSV,8
1808,CVG,MCI,8
1808,CAE,DFW,8
1808,PHX,CLE,8
1808,MSP,SUX,8
1808,DEN,MTJ,8
1808,MEM,RDU,8
1808,MSP,SLC,8
1808,MSP,SGF,8
1808,DEN,MSP,8
1808,MFR,PHX,8
1808,BGR,BOS,8
1808,DEN,CVG,8
1808,MIA,DCA,8
1808,PIT,MDW,8
1808,CMH,IAH,8
1808,CVG,IAD,8
1808,EWR,ALB,8
1808,PHX,DEN,8
1808,EWN,ATL,8
1808,IAH,XNA,8
1808,CMH,LAS,8
1808,CMH,MCO,8
1808,BOS,TPA,8
1808,MKE,DAY,8
1808,MSP,MCI,8
1808,MKE,GRR,8
1808,DTW,BNA,8
1808,MKE,MEM,8
1808,LAS,PDX,8
1808,DTW,BWI,8
1808,SFO,STL,8
1808,DTW,ORF,8
1808,DTW,MSP,8
1947,TPA,PHL,7
1947,SAV,DFW,7
1947,BWI,DTW,7
1947,BWI,LAX,7
1947,BWI,MHT,7
1947,TUL,IAH,7
1947,BUF,PHL,7
1947,BUF,MCO,7
1947,CLE,IAH,7
1947,CLE,LAS,7
1947,CLE,MSN,7
1947,CLE,PHX,7
1947,CLE,SYR,7
1947,CLE,TPA,7
1947,CLT,IND,7
1947,CLT,JAX,7
1947,CLT,PIT,7
1947,CLT,SRQ,7
1947,CMH,BOS,7
1947,CMH,CLT,7
1947,CMH,MCI,7
1947,CMH,MSP,7
1947,CMH,TPA,7
1947,CPR,SLC,7
1947,SGF,CVG,7
1947,SGF,DEN,7
1947,CVG,SLC,7
1947,CVG,STL,7
1947,BOS,RSW,7
1947,BOS,RIC,7
1947,DCA,LEX,7
1947,BOS,MIA,7
1947,DEN,BZN,7
1947,DEN,CLE,7
1947,DEN,FSD,7
1947,DEN,IAH,7
1947,DEN,SAN,7
1947,DEN,SAT,7
1947,BOS,CMH,7
1947,DFW,CAE,7
1947,DFW,SJU,7
1947,DHN,ATL,7
1947,DLH,DTW,7
1947,BNA,CLE,7
1947,DTW,DEN,7
1947,DTW,HSV,7
1947,DTW,IAH,7
1947,DTW,LAN,7
1947,DTW,MHT,7
1947,SJC,SEA,7
1947,DTW,PIT,7
1947,EWR,MSN,7
1947,FAT,LAS,7
1947,SJU,ORD,7
1947,FLL,MDW,7
1947,SLC,BIL,7
1947,FNT,MKE,7
1947,FWA,DFW,7
1947,BDL,PHL,7
1947,GRB,CVG,7
1947,GRR,EWR,7
1947,GRR,MKE,7
1947,GRR,MSP,7
1947,GUC,DFW,7
1947,HNL,LAX,7
1947,HOU,STL,7
1947,HPN,PBI,7
1947,HSV,DTW,7
1947,HSV,IAH,7
1947,IAD,BHM,7
1947,AVP,ATL,7
1947,IAD,MCI,7
1947,IAD,SAT,7
1947,AUS,STL,7
1947,IAH,AUS,7
1947,IAH,CLE,7
1947,IAH,DTW,7
1947,SLC,MSP,7
1947,IAH,HSV,7
1947,TUL,DAL,7
1947,IAH,OMA,7
1947,IAH,PNS,7
1947,IAH,STL,7
1947,IAH,TUL,7
1947,TUL,CVG,7
1947,IND,RDU,7
1947,ABE,ATL,7
1947,JFK,BNA,7
1947,AUS,IAH,7
1947,JFK,JAX,7
1947,JFK,PHX,7
1947,KOA,SFO,7
1947,KTN,SEA,7
1947,TVC,MSP,7
1947,ATL,VLD,7
1947,LAX,ASE,7
1947,LAX,BWI,7
1947,ATL,TUL,7
1947,LAX,HNL,7
1947,LAX,MOD,7
1947,LIT,MEM,7
1947,MCI,CMH,7
1947,MCI,STL,7
1947,MCO,BWI,7
1947,MCO,MIA,7
1947,SNA,PDX,7
1947,MDW,IND,7
1947,ATL,MSN,7
1947,MEM,GRR,7
1947,MEM,ICT,7
1947,MEM,JAX,7
1947,MEM,MCI,7
1947,MEM,MLI,7
1947,MEM,PIT,7
1947,MHT,BWI,7
1947,SRQ,CLT,7
1947,MIA,MCO,7
1947,MKE,BDL,7
1947,MKE,PHX,7
1947,MLI,DEN,7
1947,MLU,ATL,7
1947,MQT,GRB,7
1947,BWI,CMH,7
1947,MSY,EWR,7
1947,STL,MKE,7
1947,OKC,PHX,7
1947,OMA,IAH,7
1947,OMA,MSP,7
1947,ORD,ABQ,7
1947,ATL,CRW,7
1947,ATL,AVP,7
1947,ORD,HDN,7
1947,ATL,ABY,7
1947,ORD,JAC,7
1947,OTZ,ANC,7
1947,PHL,PBI,7
1947,PHL,PHX,7
1947,SYR,CLE,7
1947,SYR,DTW,7
1947,PHX,FAT,7
1947,PHX,JFK,7
1947,ABQ,LAS,7
1947,PHX,MKE,7
1947,PHX,PHL,7
1947,PHX,SBA,7
1947,PHX,SNA,7
1947,PIT,MEM,7
1947,PNS,IAH,7
1947,RAP,MSP,7
1947,RIC,BOS,7
1947,SDF,CLT,7
1947,BWI,DEN,7
1947,RSW,ATL,7
1947,RSW,BOS,7
1947,RSW,CVG,7
1947,SBN,MSP,7
2103,SEA,MDW,6
2103,LAS,CVG,6
2103,LAS,CLT,6
2103,RSW,MDW,6
2103,JFK,SEA,6
2103,ISP,MDW,6
2103,JFK,OAK,6
2103,JAX,CLT,6
2103,JFK,IAH,6
2103,CHS,MEM,6
2103,RSW,BUF,6
2103,ROC,MSP,6
2103,RNO,LGB,6
2103,CLE,FLL,6
2103,SFO,RDM,6
2103,RDU,CVG,6
2103,TPA,CMH,6
2103,CLT,CMH,6
2103,SAT,MCI,6
2103,CLT,LAS,6
2103,CLT,MDT,6
2103,CLT,MKE,6
2103,PVD,BWI,6
2103,CLT,PHX,6
2103,TPA,BDL,6
2103,PSG,JNU,6
2103,PMD,SFO,6
2103,SAV,CVG,6
2103,BTM,SLC,6
2103,PIT,BOS,6
2103,CMH,MIA,6
2103,SAT,EWR,6
2103,PHX,TUS,6
2103,COD,SLC,6
2103,COS,MCI,6
2103,CRP,HOU,6
2103,CRW,ATL,6
2103,SDF,RDU,6
2103,CVG,CLT,6
2103,PHX,ELP,6
2103,CVG,GRB,6
2103,CVG,SAV,6
2103,CVG,SYR,6
2103,CVG,TUL,6
2103,CVG,TYS,6
2103,BWI,CVG,6
2103,DAL,TUL,6
2103,DAY,CVG,6
2103,PHF,LGA,6
2103,PDX,SNA,6
2103,PDX,RDM,6
2103,PDX,PHX,6
2103,SHV,ORD,6
2103,DCA,PHX,6
2103,PBI,CLT,6
2103,SJC,AUS,6
2103,ORF,BOS,6
2103,ACV,CEC,6
2103,ORD,SHV,6
2103,DEN,MSN,6
2103,ALB,BWI,6
2103,ALB,DTW,6
2103,DEN,PDX,6
2103,DEN,PSP,6
2103,ORD,MQT,6
2103,ORD,MOB,6
2103,ATL,ABQ,6
2103,STL,SLC,6
2103,ORD,BTR,6
2103,ATL,DHN,6
2103,ATL,DSM,6
2103,BOS,BGR,6
2103,ATL,FLO,6
2103,ONT,SEA,6
2103,DFW,FWA,6
2103,STL,SAT,6
2103,TUL,DTW,6
2103,BOI,ORD,6
2103,OKC,MSP,6
2103,OKC,CVG,6
2103,BNA,MKE,6
2103,OAK,JFK,6
2103,SFO,ASE,6
2103,BNA,IAD,6
2103,MSY,MIA,6
2103,BNA,HOU,6
2103,MSY,LAX,6
2103,SAN,PDX,6
2103,MSP,TVC,6
2103,MSP,ROC,6
2103,MSP,RIC,6
2103,MSP,PHX,6
2103,MSP,OKC,6
2103,DTW,AVL,6
2103,ATL,ISP,6
2103,MSP,DTW,6
2103,BIS,DEN,6
2103,MSN,MCI,6
2103,BWI,SDF,6
2103,ATL,LAS,6
2103,DTW,JAN,6
2103,MRY,PHX,6
2103,SAT,STL,6
2103,STL,DEN,6
2103,MQT,ORD,6
2103,MOB,ORD,6
2103,DTW,PVD,6
2103,MKE,MCO,6
2103,MKE,CLT,6
2103,DTW,SYR,6
2103,MKE,ATW,6
2103,DTW,TYS,6
2103,STL,AUS,6
2103,BHM,IAH,6
2103,SJU,DFW,6
2103,EUG,PDX,6
2103,EUG,PHX,6
2103,MIA,MSY,6
2103,SRQ,CVG,6
2103,MIA,CVG,6
2103,MGM,ATL,6
2103,MEM,TYS,6
2103,MEM,MSN,6
2103,BZN,DEN,6
2103,MEM,LIT,6
2103,EWR,MSY,6
2103,BFL,PHX,6
2103,MEM,CHS,6
2103,MEM,BHM,6
2103,MDW,SRQ,6
2103,SEA,SJC,6
2103,MDW,SFO,6
2103,MDW,SEA,6
2103,MDW,RSW,6
2103,MDW,PVD,6
2103,MDW,ISP,6
2103,FLL,CLE,6
2103,FLL,CVG,6
2103,BZN,SLC,6
2103,BWI,BNA,6
2103,MCO,LAX,6
2103,GJT,SLC,6
2103,MCO,CMH,6
2103,MCO,BDL,6
2103,SNA,CVG,6
2103,BDL,MDW,6
2103,MAF,IAH,6
2103,LIT,DTW,6
2103,SMF,SEA,6
2103,LGB,SLC,6
2103,LGB,SEA,6
2103,LGB,JFK,6
2103,SMF,PDX,6
2103,LGA,XNA,6
2103,BUF,RSW,6
2103,LGA,DAB,6
2103,ATL,SHV,6
2103,LGA,BHM,6
2103,LFT,ATL,6
2103,SMF,ORD,6
2103,LBB,IAH,6
2103,LAX,OXR,6
2103,SLC,LAS,6
2103,LAX,MRY,6
2103,AVL,DTW,6
2103,LAX,MIA,6
2103,BUF,MDW,6
2103,IAD,TPA,6
2103,SAV,IAH,6
2103,IAH,BHM,6
2103,IAH,CMH,6
2103,AUS,SJC,6
2103,LAS,MFR,6
2103,IAH,PIT,6
2103,AUS,PHX,6
2103,ATW,MKE,6
2279,PHL,DEN,5
2279,MFR,PDX,5
2279,DAL,LBB,5
2279,DAL,LIT,5
2279,EWR,IAH,5
2279,SLC,RNO,5
2279,PHF,BOS,5
2279,BWI,MCO,5
2279,BOS,PIT,5
2279,JFK,SAN,5
2279,RHI,MSP,5
2279,ATL,MEI,5
2279,MEM,MSP,5
2279,PDX,EUG,5
2279,BOS,ORF,5
2279,DCA,MSP,5
2279,LAS,ABQ,5
2279,DEN,CID,5
2279,DEN,CLT,5
2279,DEN,CMH,5
2279,PBI,DCA,5
2279,ATL,MGM,5
2279,OXR,LAX,5
2279,LIT,MSP,5
2279,MEM,DEN,5
2279,BFL,LAX,5
2279,SAN,EWR,5
2279,EWR,SAN,5
2279,SMF,SNA,5
2279,MCI,RDU,5
2279,EWR,SEA,5
2279,BOS,JAX,5
2279,ORD,SJU,5
2279,AEX,ATL,5
2279,ALB,MSP,5
2279,JAN,DTW,5
2279,BDL,TPA,5
2279,SFO,MIA,5
2279,XNA,DTW,5
2279,DEN,SGF,5
2279,MCI,PHX,5
2279,CLE,IND,5
2279,SEA,EWR,5
2279,ATL,ABE,5
2279,JAN,MDW,5
2279,ATL,AEX,5
2279,RFD,DEN,5
2279,BWI,PHL,5
2279,ORD,BTV,5
2279,LGA,SRQ,5
2279,ATL,EWN,5
2279,JAX,CLE,5
2279,SNA,SMF,5
2279,CLE,JAX,5
2279,DFW,GRR,5
2279,STL,SFO,5
2279,DFW,GUC,5
2279,IDA,MSP,5
2279,MDW,ALB,5
2279,STL,RDU,5
2279,OMA,CVG,5
2279,OKC,DTW,5
2279,BNA,MSP,5
2279,OGG,PHX,5
2279,MDT,MSP,5
2279,MDT,DFW,5
2279,MDT,CVG,5
2279,DFW,SAV,5
2279,MSY,PHL,5
2279,LGB,RNO,5
2279,SAN,JFK,5
2279,CHS,CVG,5
2279,MSP,RHI,5
2279,MSP,RAP,5
2279,MSP,PHL,5
2279,MSP,OMA,5
2279,BNA,BWI,5
2279,MSP,MDT,5
2279,FSM,ATL,5
2279,MCO,PHF,5
2279,DTW,CHS,5
2279,MSP,IAH,5
2279,ATL,OAJ,5
2279,DTW,CWA,5
2279,SFO,MSP,5
2279,MSP,DSM,5
2279,MSP,DCA,5
2279,MSP,CLT,5
2279,SAN,IAD,5
2279,MSP,BOS,5
2279,STL,FLL,5
2279,LGA,MSY,5
2279,LGA,HSV,5
2279,HRL,IAH,5
2279,ATL,SCE,5
2279,RDU,SDF,5
2279,RSW,CLE,5
2279,HSV,LGA,5
2279,CLE,RSW,5
2279,LEX,LGA,5
2279,LEX,IAH,5
2279,ATL,SLC,5
2279,ROW,DFW,5
2279,YAK,JNU,5
2279,DTW,LAS,5
2279,AVL,MSP,5
2279,BIL,DEN,5
2279,BTV,ORD,5
2279,SEA,LAS,5
2279,SLC,BTM,5
2279,GTF,MSP,5
2279,SMF,GEG,5
2279,IAD,SPI,5
2279,MLI,DFW,5
2279,SBA,LAS,5
2279,STL,CVG,5
2279,IAH,BPT,5
2279,LAX,COS,5
2279,SLC,MSO,5
2279,GEG,SLC,5
2279,IAH,HRL,5
2279,IAH,IAD,5
2279,GEG,SMF,5
2279,IAH,LBB,5
2279,LAS,PHL,5
2279,IAH,MAF,5
2279,STL,CLE,5
2279,CLD,PHX,5
2279,IAH,MSP,5
2279,LAS,EWR,5
2279,STL,BWI,5
2279,MKE,FNT,5
2279,ATL,LYH,5
2279,MKE,BNA,5
2279,SDF,LGA,5
2279,IND,CLE,5
2279,RAP,SLC,5
2279,PWM,CVG,5
2279,KTN,JNU,5
2279,SLC,COD,5
2279,MIA,SFO,5
2279,PSG,WRG,5
2279,CLT,SDF,5
2279,TOL,ATL,5
2279,JNU,YAK,5
2279,PIT,IAH,5
2279,ABQ,ATL,5
2279,MIA,PHL,5
2279,PHX,SMF,5
2279,SJU,BOS,5
2279,COS,ATL,5
2279,PHX,SAT,5
2279,RNO,SLC,5
2279,PHX,PDX,5
2279,CVG,ALB,5
2279,VPS,ORD,5
2279,BQK,ATL,5
2279,EVV,DFW,5
2279,PHX,LGB,5
2279,ABQ,IAH,5
2279,MIA,IND,5
2279,CVG,CMH,5
2279,CVG,DAY,5
2279,MIA,IAD,5
2279,BPT,IAH,5
2279,MIA,DTW,5
2279,RDU,STL,5
2279,CVG,HSV,5
2279,BHM,DEN,5
2279,PHX,CLT,5
2279,CVG,LAS,5
2279,PHX,CLD,5
2279,CLE,PHL,5
2279,MIA,BOS,5
2279,GRK,ATL,5
2279,TYS,MEM,5
2279,CVG,PWM,5
2279,PHL,MSP,5
2279,CVG,RSW,5
2279,MCO,CLT,5
2279,CVG,SNA,5
2279,CVG,SRQ,5
2279,BUR,LAS,5
2279,CVG,TPA,5
2279,HLN,MSP,5
2279,CVG,VPS,5
2279,MCO,BUF,5
2279,LAS,ATL,5
2467,SLC,PDX,4
2467,MCO,SJU,4
2467,CRW,IAH,4
2467,MCO,DTW,4
2467,FLL,STL,4
2467,CLT,FLL,4
2467,BUR,JFK,4
2467,PHX,OGG,4
2467,FAT,DEN,4
2467,LEX,DCA,4
2467,SAT,CLE,4
2467,PHX,MRY,4
2467,SHV,IAH,4
2467,CVG,BHM,4
2467,SCC,ANC,4
2467,PHX,MCI,4
2467,ATL,LFT,4
2467,JAX,RDU,4
2467,BOS,GSO,4
2467,MSY,MCI,4
2467,MEM,BWI,4
2467,LAX,YUM,4
2467,LAX,CVG,4
2467,JAC,DFW,4
2467,TPA,CLT,4
2467,LAS,SBA,4
2467,CVG,CRW,4
2467,LAX,SNA,4
2467,PHX,HOU,4
2467,SNA,RNO,4
2467,EWR,AUS,4
2467,FNT,DFW,4
2467,MCI,LAS,4
2467,BWI,PVD,4
2467,CVG,FLL,4
2467,TPA,DTW,4
2467,IPL,LAX,4
2467,STL,LIT,4
2467,GTF,DEN,4
2467,ANC,OTZ,4
2467,ANC,SCC,4
2467,MSP,TUL,4
2467,IAH,LEX,4
2467,MIA,CMH,4
2467,PHX,COS,4
2467,MSP,SBN,4
2467,SEA,ATL,4
2467,EWR,LIT,4
2467,GRR,IAH,4
2467,ORD,JAN,4
2467,CVG,LAX,4
2467,SDF,CLE,4
2467,MIA,CLE,4
2467,BUR,PDX,4
2467,FNT,MSP,4
2467,CVG,MDT,4
2467,RIC,MEM,4
2467,DTW,TUL,4
2467,CVG,MIA,4
2467,FSD,ATL,4
2467,PHL,TPA,4
2467,WRG,PSG,4
2467,CVG,OKC,4
2467,BWI,ROC,4
2467,CLE,TYS,4
2467,CVG,PBI,4
2467,SEA,JNU,4
2467,SYR,CLT,4
2467,DTW,ALB,4
2467,CHS,DTW,4
2467,ABQ,OAK,4
2467,TUS,IAH,4
2467,CLT,CVG,4
2467,RIC,CVG,4
2467,CVG,RIC,4
2467,DCA,GRR,4
2467,MDW,ORF,4
2467,SMF,SLC,4
2467,MHT,DCA,4
2467,SNA,EWR,4
2467,DTW,BDL,4
2467,DEN,BIL,4
2467,GSP,IAH,4
2467,MSP,LIT,4
2467,SEA,SAN,4
2467,IAD,MHT,4
2467,MEM,PHX,4
2467,EWR,SAT,4
2467,DEN,BOI,4
2467,ISP,BWI,4
2467,SJC,MDW,4
2467,MSP,IND,4
2467,PHL,MIA,4
2467,BOS,SJU,4
2467,DTW,LIT,4
2467,PHL,LAS,4
2467,PHL,JAX,4
2467,SMF,MDW,4
2467,RDM,PDX,4
2467,ATL,CID,4
2467,ATL,COS,4
2467,SLC,LGB,4
2467,FCA,DEN,4
2467,DEN,BWI,4
2467,JAN,ORD,4
2467,MCO,MKE,4
2467,LIT,EWR,4
2467,FCA,SLC,4
2467,JFK,LGB,4
2467,BGR,ATL,4
2467,SEA,ONT,4
2467,TUS,LAS,4
2467,ATL,EYW,4
2467,IAH,DAY,4
2467,DFW,EVV,4
2467,LAS,ELP,4
2467,DEN,CAK,4
2467,MKE,STL,4
2467,CLT,DEN,4
2467,BTV,CLE,4
2467,AUS,DEN,4
2467,STL,SGF,4
2467,MSP,CMH,4
2467,SJU,MCO,4
2467,PDX,SMF,4
2467,ATL,FSM,4
2467,PDX,BUR,4
2467,SIT,JNU,4
2467,DFW,HDN,4
2467,TPA,DEN,4
2467,MCI,COS,4
2467,DAY,DEN,4
2467,MEM,MKE,4
2467,CDV,ANC,4
2467,JFK,DEN,4
2467,CDV,YAK,4
2467,ATL,ONT,4
2467,MSP,ALB,4
2467,ONT,LAS,4
2467,MCI,MSN,4
2467,HNL,PHX,4
2467,SLC,GJT,4
2467,DCA,MHT,4
2467,LGA,SDF,4
2467,RDU,IAH,4
2467,DEN,MSO,4
2467,SFO,MDW,4
2467,LAS,MCI,4
2467,CAK,BOS,4
2467,OMA,DEN,4
2467,SAN,CLT,4
2467,GEG,DEN,4
2467,CLE,GSP,4
2467,PVD,CLT,4
2467,KOA,PHX,4
2467,ATL,TOL,4
2467,MRY,DEN,4
2467,IAH,SAV,4
2467,SFO,IAH,4
2467,PSP,SLC,4
2467,CLT,PBI,4
2467,BZN,ORD,4
2467,DEN,JFK,4
2467,PHF,MCO,4
2467,MCO,IND,4
2467,CLT,PVD,4
2467,IAH,SFO,4
2467,EYW,ATL,4
2467,IND,IAH,4
2467,SJU,PHL,4
2467,BUR,SEA,4
2467,TPA,DCA,4
2467,RIC,MSP,4
2467,ORF,MIA,4
2467,BWI,BDL,4
2467,SAT,IAH,4
2467,BWI,STL,4
2467,CLT,SYR,4
2467,HDN,DFW,4
2467,ATL,GRK,4
2467,IAH,SHV,4
2467,TPA,CVG,4
2467,BOS,MSP,4
2467,AUS,EWR,4
2467,SEA,LGB,4
2467,JAX,IAH,4
2467,PIT,MSP,4
2467,CMH,DEN,4
2467,DTW,MIA,4
2467,SLC,CPR,4
2467,TYS,CLE,4
2467,SEA,SMF,4
2467,SLC,SAN,4
2467,MFR,LAS,4
2467,CLE,STL,4
2467,XNA,RDU,4
2467,IAH,ABQ,4
2467,IND,MCO,4
2467,OAK,RNO,4
2467,IND,MDW,4
2467,SJU,ATL,4
2467,CLE,MIA,4
2467,SRQ,MDW,4
2467,LAS,EUG,4
2467,IND,MIA,4
2467,CMH,PHX,4
2467,CMH,RDU,4
2467,CMH,STL,4
2467,SAT,CVG,4
2467,PHX,STL,4
2467,MIA,ORF,4
2467,IAD,AUS,4
2467,AUS,HOU,4
2467,IND,MKE,4
2467,FAR,DEN,4
2467,DFW,ROW,4
2467,ABQ,AUS,4
2467,RIC,PHL,4
2467,GPT,MEM,4
2467,COS,LAX,4
2467,JNU,PSG,4
2467,LAN,CVG,4
2467,STL,MIA,4
2467,RNO,ONT,4
2467,COS,SLC,4
2467,BUF,DCA,4
2467,CLE,AUS,4
2467,TUL,MSP,4
2467,LAS,SBP,4
2467,RNO,SJC,4
2467,BDL,MCO,4
2698,GSO,BOS,3
2698,EWR,TYS,3
2698,MIA,STL,3
2698,PVD,MDW,3
2698,CLT,LIT,3
2698,TPA,BUF,3
2698,CLT,MCO,3
2698,PVD,DCA,3
2698,CLT,MSP,3
2698,EGE,LAX,3
2698,DEN,OMA,3
2698,PSP,SEA,3
2698,KOA,LAX,3
2698,SAT,LAX,3
2698,PSP,IAH,3
2698,CLT,ROC,3
2698,CLT,SAN,3
2698,BWI,ALB,3
2698,MIA,RIC,3
2698,CLE,PBI,3
2698,ICT,PHX,3
2698,CMH,BNA,3
2698,SAT,IAD,3
2698,VPS,CVG,3
2698,MCO,HOU,3
2698,ABE,CVG,3
2698,DEN,PHL,3
2698,ELP,HOU,3
2698,FAI,BRW,3
2698,ELP,LAS,3
2698,BRW,ANC,3
2698,SAT,HRL,3
2698,PIT,DEN,3
2698,FAI,SCC,3
2698,IND,MEM,3
2698,CLE,OMA,3
2698,DAL,MSY,3
2698,DCA,BUF,3
2698,COS,CVG,3
2698,RNO,SNA,3
2698,MDW,SAT,3
2698,ABQ,DAL,3
2698,LGB,OAK,3
2698,SAV,CLE,3
2698,TUS,DEN,3
2698,CLE,BTV,3
2698,SLC,STL,3
2698,JFK,SRQ,3
2698,CRW,CVG,3
2698,PHX,OKC,3
2698,BWI,ISP,3
2698,CVG,AUS,3
2698,JFK,MSY,3
2698,SLC,EWR,3
2698,TUS,LAX,3
2698,PDX,MDW,3
2698,MIA,LAX,3
2698,SRQ,JFK,3
2698,LIH,LAX,3
2698,SAN,MRY,3
2698,YKM,SLC,3
2698,MCI,PIT,3
2698,DCA,DEN,3
2698,ANC,ADK,3
2698,EWR,AVL,3
2698,PDX,JFK,3
2698,SRQ,EWR,3
2698,DEN,TPA,3
2698,ABQ,MDW,3
2698,CVG,GSO,3
2698,RNO,PDX,3
2698,DEN,XNA,3
2698,MCO,DCA,3
2698,PHX,CMH,3
2698,CVG,LAN,3
2698,TYS,IAH,3
2698,PHX,BOS,3
2698,CVG,MCO,3
2698,DAL,OKC,3
2698,ATL,ACY,3
2698,MCO,CVG,3
2698,SRQ,CLE,3
2698,CVG,OMA,3
2698,MHT,MCO,3
2698,CVG,PDX,3
2698,PHL,RIC,3
2698,DCA,FLL,3
2698,FAT,SAN,3
2698,MDW,PDX,3
2698,CVG,SAT,3
2698,MHT,CLT,3
2698,CVG,SFO,3
2698,ATL,BGR,3
2698,BWI,LAS,3
2698,STL,SNA,3
2698,ATL,BQK,3
2698,SFO,CVG,3
2698,LAS,DCA,3
2698,PHL,BWI,3
2698,CVG,TRI,3
2698,ATL,BTV,3
2698,TRI,CVG,3
2698,SGU,LAX,3
2698,PHL,IAH,3
2698,BOS,CAK,3
2698,RNO,OAK,3
2698,AUS,LAS,3
2698,DCA,JAN,3
2698,BOI,SLC,3
2698,PDX,CVG,3
2698,LAS,CMH,3
2698,ORD,ANC,3
2698,MDW,JAN,3
2698,JAC,ATL,3
2698,HNL,ORD,3
2698,FLL,BWI,3
2698,XNA,DCA,3
2698,STL,SDF,3
2698,SEA,IAD,3
2698,BOI,PDX,3
2698,GSO,IAH,3
2698,DFW,JAC,3
2698,MCI,MSY,3
2698,BOI,DEN,3
2698,ONT,ATL,3
2698,STL,RSW,3
2698,MEM,MIA,3
2698,OMA,PHX,3
2698,OMA,ONT,3
2698,SFO,BWI,3
2698,SLC,GEG,3
2698,DFW,MDT,3
2698,OMA,CLE,3
2698,FLL,HPN,3
2698,FLL,IND,3
2698,DFW,MLI,3
2698,OKC,HOU,3
2698,OKC,EWR,3
2698,ISP,MCO,3
2698,OKC,DAL,3
2698,MDW,ABQ,3
2698,SJU,STT,3
2698,CLE,LAX,3
2698,STL,OMA,3
2698,FLL,MSP,3
2698,PDX,BOI,3
2698,OAK,LGB,3
2698,SIT,KTN,3
2698,JFK,BUR,3
2698,DFW,SBA,3
2698,MYR,EWR,3
2698,MYR,DTW,3
2698,MCO,SWF,3
2698,SAN,STL,3
2698,SAN,PHL,3
2698,TUS,SLC,3
2698,GSP,CLE,3
2698,MSY,LGA,3
2698,SNA,ATL,3
2698,LIT,CLT,3
2698,JAX,PHL,3
2698,MSY,JFK,3
2698,MSY,DEN,3
2698,MCO,SFO,3
2698,CHS,BOS,3
2698,MSP,SFO,3
2698,RNO,BOI,3
2698,EWR,OKC,3
2698,BOS,MEM,3
2698,PBI,ISP,3
2698,MSP,ORF,3
2698,DSM,PHX,3
2698,DEN,AUS,3
2698,TPA,IAH,3
2698,DEN,BIS,3
2698,MSP,LAS,3
2698,MSP,LAN,3
2698,MSP,IDA,3
2698,PBI,HPN,3
2698,MSP,ICT,3
2698,STT,MIA,3
2698,MSP,FNT,3
2698,MCI,DTW,3
2698,RSW,CLT,3
2698,PHL,BNA,3
2698,DTW,DLH,3
2698,MEM,IND,3
2698,GRR,DCA,3
2698,PHL,BDL,3
2698,LIH,PHX,3
2698,MSO,DEN,3
2698,HPN,FLL,3
2698,HPN,MCO,3
2698,LGA,PHF,3
2698,TUS,MDW,3
2698,PBI,CLE,3
2698,DEN,DAY,3
2698,HRL,SAT,3
2698,DAY,IAH,3
2698,EWR,EGE,3
2698,CAK,DEN,3
2698,BWI,SFO,3
2698,MRY,SAN,3
2698,SDF,CVG,3
2698,ATL,SJU,3
2698,BUR,SLC,3
2698,IAD,BNA,3
2698,EWR,GRR,3
2698,BDL,CLE,3
2698,CLE,SAT,3
2698,ORF,MDW,3
2698,CLE,SAV,3
2698,SDF,BOS,3
2698,SAN,BOS,3
2698,LAX,XNA,3
2698,LAX,TUS,3
2698,ATL,SNA,3
2698,ISP,TPA,3
2698,IAD,LAS,3
2698,YUM,LAX,3
2698,SEA,STL,3
2698,DAL,ELP,3
2698,CLE,SDF,3
2698,IAD,MIA,3
2698,LAX,MSY,3
2698,AVL,EWR,3
2698,LAX,MSP,3
2698,DEN,GRR,3
2698,SFO,SAT,3
2698,IAD,PHX,3
2698,RDU,MCO,3
2698,SLC,BUR,3
2698,DAL,MAF,3
2698,GTF,SLC,3
2698,SMF,LGB,3
2698,IAD,SAN,3
2698,CLE,SRQ,3
2698,LAX,IAH,3
2698,ROC,MCO,3
2698,ORF,CVG,3
2698,RSW,IND,3
2698,MOT,MSP,3
2698,IAH,AMA,3
2698,SBA,DFW,3
2698,PDX,SLC,3
2698,BWI,MSP,3
2698,ORD,VPS,3
2698,VPS,MEM,3
2698,ABQ,SLC,3
2698,SDF,DEN,3
2698,DTW,OKC,3
2698,GEG,SAN,3
2698,CDC,SLC,3
2698,IAH,CLL,3
2698,LAX,CLT,3
2698,LAX,CLE,3
2698,IAH,CRW,3
2698,SNA,LAX,3
2698,LAX,BFL,3
2698,RDU,MCI,3
2698,SBP,SLC,3
2698,IAH,EWR,3
2698,SMF,DEN,3
2698,LAS,TUS,3
2698,IAH,GRR,3
2698,IAH,GSO,3
2698,CLE,GSO,3
2698,CEC,ACV,3
2698,HNL,ATL,3
2698,DTW,PHX,3
2698,IAH,IND,3
2698,AUS,CLE,3
2698,IAH,JFK,3
2698,ACY,ATL,3
2698,ADK,ANC,3
2698,IAH,LRD,3
2698,LAS,OKC,3
2698,LAS,MSP,3
2698,DTW,RIC,3
2698,LAS,MIA,3
2698,JFK,PDX,3
2698,CLL,IAH,3
2698,LAN,MSP,3
2698,DTW,RST,3
2698,DEN,MEM,3
2698,LAS,IAD,3
2698,SJC,SLC,3
2698,RSW,STL,3
2698,MKE,LAS,3
2698,MKE,IND,3
2698,IAH,PHL,3
2698,EWR,SLC,3
2698,EWR,SNA,3
2698,HOU,AUS,3
2698,EWR,SRQ,3
2698,IAH,RDU,3
2698,IAH,RIC,3
2698,BTV,CVG,3
2698,MDW,SMF,3
2698,IAH,SAN,3
2698,IAH,SAT,3
2698,RIC,IAH,3
2698,TPA,ISP,3
2698,IAH,TPA,3
2698,ROC,CLT,3
2698,IAH,TUS,3
2698,IAH,TYS,3
2698,SLC,SJC,3
2698,LAS,DTW,3
2698,ROC,BWI,3
2698,SLC,CDC,3
2698,RDU,CMH,3
2698,MDW,SLC,3
2698,BUF,CVG,3
2698,RDM,SFO,3
2698,MDW,SJC,3
2698,DTW,XNA,3
2698,MCO,ISP,3
2698,CLE,BDL,3
3017,HOU,TUL,2
3017,LGA,RSW,2
3017,HPN,RSW,2
3017,HSV,DCA,2
3017,HSV,DEN,2
3017,ATL,SEA,2
3017,SAT,SFO,2
3017,RDU,MSP,2
3017,ATL,SMF,2
3017,LBB,DAL,2
3017,IAD,IAH,2
3017,LAX,SAT,2
3017,AVL,IAH,2
3017,ATL,STT,2
3017,LAX,ONT,2
3017,TUS,ONT,2
3017,CLE,SLC,2
3017,LAX,MEM,2
3017,LAX,MCO,2
3017,LAX,MCI,2
3017,IAD,SEA,2
3017,IAD,SJC,2
3017,SLC,MDW,2
3017,LAX,DTW,2
3017,IAH,AEX,2
3017,CAK,RSW,2
3017,IAH,AVL,2
3017,ATL,TUS,2
3017,IAH,BOS,2
3017,IAH,BWI,2
3017,IAH,CAE,2
3017,LAX,BNA,2
3017,LAW,ATL,2
3017,IAH,DSM,2
3017,IAH,GSP,2
3017,YUM,LAS,2
3017,IAH,JAX,2
3017,SLC,MSY,2
3017,IAH,LAX,2
3017,LAS,SAT,2
3017,SAN,BFL,2
3017,SLC,OKC,2
3017,SMF,ATL,2
3017,LAS,LGB,2
3017,LAS,HOU,2
3017,AUS,RDU,2
3017,LAS,GEG,2
3017,SDF,IAH,2
3017,CHA,CVG,2
3017,IAH,PSP,2
3017,IAH,RSW,2
3017,IAH,SNA,2
3017,TPA,IND,2
3017,IAH,VPS,2
3017,RDU,JAX,2
3017,XNA,LAX,2
3017,KTN,WRG,2
3017,RDU,AUS,2
3017,BTV,ATL,2
3017,VPS,IAH,2
3017,SAT,MDW,2
3017,IND,CVG,2
3017,PWM,BWI,2
3017,IND,DEN,2
3017,CLT,MHT,2
3017,CLT,MSY,2
3017,KOA,ORD,2
3017,IND,FLL,2
3017,SDF,MKE,2
3017,PSE,FLL,2
3017,IND,LAS,2
3017,CLT,TPA,2
3017,PIT,PHX,2
3017,PIT,MIA,2
3017,BRW,FAI,2
3017,PIT,MCI,2
3017,TUL,HOU,2
3017,PIA,DFW,2
3017,PIA,DEN,2
3017,CMH,PBI,2
3017,BQN,MCO,2
3017,SFO,TUS,2
3017,BQN,JFK,2
3017,PHX,SBP,2
3017,PHX,PIT,2
3017,COS,SMF,2
3017,BWI,IAH,2
3017,ABQ,EWR,2
3017,PHX,OMA,2
3017,RSW,LGA,2
3017,PHX,MFR,2
3017,CVG,BTV,2
3017,CVG,BUF,2
3017,CVG,CHA,2
3017,CVG,CHS,2
3017,PHX,ICT,2
3017,PHX,IAD,2
3017,PHX,HNL,2
3017,SDF,STL,2
3017,IND,TPA,2
3017,PHX,DSM,2
3017,CVG,FSD,2
3017,CVG,GSP,2
3017,PHX,DCA,2
3017,PHX,CVG,2
3017,CVG,IND,2
3017,CVG,JAN,2
3017,TYS,MSP,2
3017,PHX,BNA,2
3017,PHX,BFL,2
3017,PHX,AUS,2
3017,PHL,STL,2
3017,BOS,SLC,2
3017,CVG,PHX,2
3017,CVG,RDU,2
3017,JFK,SLC,2
3017,CVG,SEA,2
3017,CVG,SGF,2
3017,SLC,PSP,2
3017,PHL,LAX,2
3017,PHL,HOU,2
3017,BOS,SEA,2
3017,SWF,MCO,2
3017,BOS,SAV,2
3017,BOS,SAN,2
3017,PHL,BUF,2
3017,BWI,MCI,2
3017,DAY,BWI,2
3017,SLC,RAP,2
3017,SWF,FLL,2
3017,BOS,PHX,2
3017,PDX,SAN,2
3017,BOS,PHF,2
3017,PDX,MFR,2
3017,DCA,DSM,2
3017,PDX,GEG,2
3017,DCA,HSV,2
3017,PDX,EWR,2
3017,DCA,MEM,2
3017,TYS,EWR,2
3017,DCA,MSN,2
3017,DCA,PBI,2
3017,DCA,SLC,2
3017,SIT,SEA,2
3017,DCA,TPA,2
3017,DCA,XNA,2
3017,PDX,ATL,2
3017,DEN,BHM,2
3017,SAV,DTW,2
3017,BWI,MIA,2
3017,PBI,CVG,2
3017,SLC,SMF,2
3017,STT,ATL,2
3017,DEN,DTW,2
3017,BOS,LAS,2
3017,DEN,ELP,2
3017,DEN,EUG,2
3017,DEN,FAR,2
3017,DEN,FCA,2
3017,SAN,SLC,2
3017,DEN,GEG,2
3017,STL,TUL,2
3017,DEN,GTF,2
3017,ORF,IAH,2
3017,ABQ,SFO,2
3017,DEN,IND,2
3017,SEA,AUS,2
3017,DEN,MIA,2
3017,AEX,IAH,2
3017,DEN,MLI,2
3017,DEN,MRY,2
3017,JAN,CVG,2
3017,DEN,MSY,2
3017,ORD,RNO,2
3017,ALB,DCA,2
3017,JAN,DCA,2
3017,SEA,BOI,2
3017,BOS,IAH,2
3017,SEA,BUR,2
3017,ALB,MDW,2
3017,DEN,PIT,2
3017,ALB,PHL,2
3017,DEN,RFD,2
3017,JAN,EWR,2
3017,DEN,SBA,2
3017,DEN,SDF,2
3017,SEA,CVG,2
3017,AMA,IAH,2
3017,SJC,IAD,2
3017,SEA,DTW,2
3017,ORD,HNL,2
3017,ORD,GPT,2
3017,ORD,GEG,2
3017,BWI,ORF,2
3017,JFK,MSP,2
3017,SLC,SBP,2
3017,ATL,ELP,2
3017,TUL,EWR,2
3017,SFO,CLT,2
3017,ONT,TUS,2
3017,ONT,SLC,2
3017,SLC,YKM,2
3017,ONT,RNO,2
3017,BOI,SAN,2
3017,STL,SEA,2
3017,JAX,DCA,2
3017,BOI,ONT,2
3017,ONT,LAX,2
3017,STL,SAN,2
3017,BOI,LAX,2
3017,ONT,BOI,2
3017,BOI,GEG,2
3017,OKC,SLC,2
3017,STL,PHL,2
3017,JAX,FLL,2
3017,ATL,GRB,2
3017,SFO,AUS,2
3017,OGG,SFO,2
3017,OGG,OAK,2
3017,OGG,LAX,2
3017,DFW,PIA,2
3017,STL,OKC,2
3017,OAK,ORD,2
3017,OAK,OGG,2
3017,OAK,IAD,2
3017,BNA,LAX,2
3017,BNA,LAS,2
3017,MTJ,DFW,2
3017,MSY,SLC,2
3017,JFK,BQN,2
3017,SJC,RNO,2
3017,BNA,DEN,2
3017,MSY,CVG,2
3017,MSY,CLT,2
3017,MSY,CLE,2
3017,BNA,CMH,2
3017,RSW,IAH,2
3017,RSW,HPN,2
3017,MSP,PIT,2
3017,RSW,DCA,2
3017,DSM,MKE,2
3017,MSP,MOT,2
3017,MSP,MEM,2
3017,MSP,LNK,2
3017,BUF,LAS,2
3017,MSP,LAX,2
3017,MSP,JFK,2
3017,MSP,HLN,2
3017,MSP,GTF,2
3017,ATL,JAC,2
3017,MSP,BWI,2
3017,LAS,BOS,2
3017,MSP,BNA,2
3017,BUF,FLL,2
3017,MSN,DCA,2
3017,TPA,HOU,2
3017,MRY,LGB,2
3017,DTW,MCI,2
3017,DTW,MCO,2
3017,DTW,MDT,2
3017,DTW,MYR,2
3017,STL,CMH,2
3017,BHM,RDU,2
3017,MKE,SDF,2
3017,MKE,RSW,2
3017,DTW,SEA,2
3017,MKE,DSM,2
3017,DTW,TPA,2
3017,EGE,ATL,2
3017,EGE,EWR,2
3017,EGE,IAH,2
3017,EGE,MSP,2
3017,EGE,ORD,2
3017,STL,ABQ,2
3017,ELP,ATL,2
3017,ELP,DAL,2
3017,ELP,DEN,2
3017,BHM,MDW,2
3017,SJU,CLE,2
3017,TUS,ATL,2
3017,BHM,IAD,2
3017,MIA,MEM,2
3017,SRQ,LGA,2
3017,EWR,ABQ,2
3017,RNO,SAN,2
3017,BHM,CVG,2
3017,MIA,BWI,2
3017,MIA,BDL,2
3017,MHT,IAD,2
3017,SJU,DTW,2
3017,MGM,IAH,2
3017,BGR,CVG,2
3017,RNO,ORD,2
3017,MEM,VPS,2
3017,EWR,JAN,2
3017,MEM,SAV,2
3017,EWR,LAS,2
3017,EWR,LEX,2
3017,MEM,MCO,2
3017,EWR,MYR,2
3017,MEM,LAX,2
3017,BFL,SAN,2
3017,MEM,GPT,2
3017,MEM,DTW,2
3017,SEA,SLC,2
3017,AUS,ABQ,2
3017,MDW,TUS,2
3017,EWR,TUL,2
3017,FAI,SEA,2
3017,MDW,RNO,2
3017,FAT,LGB,2
3017,FAT,SLC,2
3017,FCA,MSP,2
3017,BDL,SJU,2
3017,FLL,BUF,2
3017,SAV,MEM,2
3017,FLL,DCA,2
3017,MDW,BHM,2
3017,MDW,AUS,2
3017,FLL,DTW,2
3017,MDT,DTW,2
3017,FLL,PIT,2
3017,FLL,SWF,2
3017,SAN,MCI,2
3017,FLL,TPA,2
3017,MCO,RDU,2
3017,MCO,PWM,2
3017,MCO,PIT,2
3017,MCO,PHX,2
3017,SAN,IAH,2
3017,MCO,MHT,2
3017,SLC,BOI,2
3017,GEG,LAS,2
3017,SLC,BOS,2
3017,GEG,PDX,2
3017,GEG,PHX,2
3017,SLC,BZN,2
3017,MCO,MCI,2
3017,TUS,JFK,2
3017,MCO,IAH,2
3017,MCO,HPN,2
3017,MCO,GSP,2
3017,GPT,ORD,2
3017,GRB,ATL,2
3017,SAN,GEG,2
3017,MCO,DEN,2
3017,GRB,MKE,2
3017,SNA,IAH,2
3017,SNA,HNL,2
3017,MCO,BQN,2
3017,GRR,DEN,2
3017,MCO,BNA,2
3017,SAN,FAT,2
3017,CAE,IAH,2
3017,MCI,SLC,2
3017,GSO,CLE,2
3017,MCI,OKC,2
3017,BDL,MIA,2
3017,MCI,OAK,2
3017,GSO,MIA,2
3017,GSO,MSP,2
3017,MCI,MCO,2
3017,MCI,JAX,2
3017,ATL,PDX,2
3017,MCI,BWI,2
3017,MAF,DAL,2
3017,MAF,AUS,2
3017,LRD,IAH,2
3017,LNK,MSP,2
3017,LNK,DEN,2
3017,LIT,STL,2
3017,HLN,SLC,2
3017,SLC,FCA,2
3017,BUF,TPA,2
3017,TPA,PIT,2
3017,SLC,GTF,2
3017,HOU,BNA,2
3017,HOU,BWI,2
3017,SLC,HLN,2
3017,YAK,CDV,2
3017,HOU,MCO,2
3017,LGB,LAS,2
3017,RDU,SLC,2
3017,SBA,DEN,2
3017,HOU,TPA,2
3402,KOA,OGG,1
3402,ABE,CLT,1
3402,ABQ,HOU,1
3402,ABQ,MAF,1
3402,ABQ,MSP,1
3402,ABQ,ONT,1
3402,ABQ,SAN,1
3402,ABQ,SMF,1
3402,ABQ,STL,1
3402,ALB,JFK,1
3402,ALB,MCO,1
3402,AMA,DEN,1
3402,ANC,LAS,1
3402,ANC,LAX,1
3402,ANC,OME,1
3402,ASE,GJT,1
3402,ATL,BZN,1
3402,ATL,FSD,1
3402,ATL,LAW,1
3402,ATL,MTJ,1
3402,ATL,RNO,1
3402,ATL,SJC,1
3402,ATL,STX,1
3402,ATW,MSP,1
3402,AUS,BOS,1
3402,AUS,MDW,1
3402,AUS,ORF,1
3402,AUS,PHL,1
3402,AUS,SEA,1
3402,AUS,SFO,1
3402,AUS,SLC,1
3402,AUS,SNA,1
3402,AVP,CVG,1
3402,BDL,MSP,1
3402,BDL,PBI,1
3402,BDL,PHX,1
3402,BDL,RSW,1
3402,BFL,DEN,1
3402,BFL,LAS,1
3402,BFL,SMF,1
3402,BHM,DAL,1
3402,BIL,MSP,1
3402,BLI,SLC,1
3402,BNA,MCI,1
3402,BNA,MCO,1
3402,BNA,MIA,1
3402,BNA,PHL,1
3402,BNA,PHX,1
3402,BNA,RDU,1
3402,BNA,SAN,1
3402,BNA,SAT,1
3402,BNA,SLC,1
3402,BNA,TPA,1
3402,BOI,LAS,1
3402,BOI,RNO,1
3402,BOI,SEA,1
3402,BOS,AUS,1
3402,BOS,CHS,1
3402,BOS,LGB,1
3402,BOS,MDW,1
3402,BOS,MSY,1
3402,BOS,OAK,1
3402,BOS,PDX,1
3402,BOS,SDF,1
3402,BOS,SJC,1
3402,BTR,DCA,1
3402,BTV,MCO,1
3402,BUF,PHX,1
3402,BWI,BHM,1
3402,BWI,DAB,1
3402,BWI,DAY,1
3402,BWI,FLL,1
3402,BWI,OKC,1
3402,BWI,PHX,1
3402,BWI,PWM,1
3402,BWI,RSW,1
3402,BWI,SJU,1
3402,BZN,ATL,1
3402,BZN,MSP,1
3402,CAK,FLL,1
3402,CAK,MCO,1
3402,CAK,TPA,1
3402,CHA,DFW,1
3402,CHA,IAH,1
3402,CLE,CMH,1
3402,CLE,DAB,1
3402,CLE,MSY,1
3402,CLE,PVD,1
3402,CLE,SEA,1
3402,CLE,SFO,1
3402,CLE,SJU,1
3402,CLT,LAX,1
3402,CLT,SFO,1
3402,CLT,SJU,1
3402,CMH,CLE,1
3402,CMH,DCA,1
3402,CMI,DFW,1
3402,COD,DEN,1
3402,COS,SAN,1
3402,CPR,MSP,1
3402,CVG,ABE,1
3402,CVG,AVP,1
3402,CVG,BGR,1
3402,CVG,JAC,1
3402,CVG,MSY,1
3402,CVG,PFN,1
3402,DAB,BWI,1
3402,DAB,CLE,1
3402,DAB,EWR,1
3402,DAL,BHM,1
3402,DAY,MCO,1
3402,DAY,TPA,1
3402,DCA,ALB,1
3402,DCA,CMH,1
3402,DCA,JAX,1
3402,DCA,LAS,1
3402,DCA,MCO,1
3402,DCA,SEA,1
3402,DCA,SYR,1
3402,DEN,COD,1
3402,DEN,FAT,1
3402,DEN,HSV,1
3402,DEN,LIH,1
3402,DEN,LNK,1
3402,DEN,MCO,1
3402,DEN,PIA,1
3402,DEN,SMF,1
3402,DEN,STL,1
3402,DEN,TUS,1
3402,DFW,CHA,1
3402,DFW,CMI,1
3402,DFW,FNT,1
3402,DFW,HNL,1
3402,DFW,MTJ,1
3402,DFW,SYR,1
3402,DSM,IAH,1
3402,DTW,MEM,1
3402,DTW,PBI,1
3402,DTW,SAV,1
3402,DTW,SFO,1
3402,EGE,MIA,1
3402,ELP,ONT,1
3402,ELP,SLC,1
3402,ELP,TUS,1
3402,EUG,DEN,1
3402,EUG,LAS,1
3402,EUG,LAX,1
3402,EWR,DAB,1
3402,EWR,LGA,1
3402,EWR,PDX,1
3402,EWR,SJC,1
3402,FLL,BDL,1
3402,FLL,CAK,1
3402,FLL,DEN,1
3402,FLL,GPT,1
3402,FLL,JAX,1
3402,FLL,LAX,1
3402,FLL,MIA,1
3402,FLL,PHX,1
3402,FLL,PSE,1
3402,FLL,SYR,1
3402,FSD,CVG,1
3402,GEG,BOI,1
3402,GEG,OAK,1
3402,GEG,ONT,1
3402,GEG,ORD,1
3402,GEG,RNO,1
3402,GJT,ASE,1
3402,GJT,LAX,1
3402,GJT,ORD,1
3402,GPT,FLL,1
3402,GPT,TPA,1
3402,GRR,MCO,1
3402,GSP,CVG,1
3402,GSP,MCO,1
3402,HDN,EWR,1
3402,HDN,IAH,1
3402,HDN,JFK,1
3402,HDN,MSP,1
3402,HNL,ANC,1
3402,HNL,DFW,1
3402,HNL,SEA,1
3402,HNL,SNA,1
3402,HOU,ABQ,1
3402,HOU,DEN,1
3402,HOU,FLL,1
3402,HOU,JAN,1
3402,HOU,OAK,1
3402,HOU,PHL,1
3402,HRL,AUS,1
3402,IAD,FLL,1
3402,IAD,MSP,1
3402,IAD,OAK,1
3402,IAD,OKC,1
3402,IAD,PDX,1
3402,IAD,SLC,1
3402,IAD,SMF,1
3402,IAH,CHA,1
3402,IAH,ELP,1
3402,IAH,LAS,1
3402,IAH,MCO,1
3402,IAH,MGM,1
3402,IAH,ORF,1
3402,IAH,RNO,1
3402,IAH,TLH,1
3402,ICT,LAX,1
3402,IND,BWI,1
3402,IND,RSW,1
3402,IPL,YUM,1
3402,ISP,FLL,1
3402,ISP,PBI,1
3402,ISP,RSW,1
3402,JAC,CVG,1
3402,JAC,LAX,1
3402,JAX,AUS,1
3402,JAX,MCI,1
3402,JAX,MSP,1
3402,JAX,TPA,1
3402,JFK,ONT,1
3402,JFK,PSE,1
3402,JFK,TUS,1
3402,JNU,KTN,1
3402,LAS,ANC,1
3402,LAS,AUS,1
3402,LAS,BFL,1
3402,LAS,BWI,1
3402,LAS,COS,1
3402,LAS,IAH,1
3402,LAS,IND,1
3402,LAS,MCO,1
3402,LAS,MKE,1
3402,LAS,SDF,1
3402,LAS,TPA,1
3402,LAS,YUM,1
3402,LAX,BOI,1
3402,LAX,EUG,1
3402,LAX,HOU,1
3402,LAX,ICT,1
3402,LAX,KOA,1
3402,LAX,LIH,1
3402,LAX,OGG,1
3402,LAX,PHL,1
3402,LAX,PIT,1
3402,LEX,EWR,1
3402,LGB,BOS,1
3402,LGB,MRY,1
3402,LGB,SMF,1
3402,LIH,DEN,1
3402,LIH,KOA,1
3402,LIH,OGG,1
3402,LIH,SEA,1
3402,LIT,MDW,1
3402,LWS,SLC,1
3402,MCI,LAX,1
3402,MCI,MIA,1
3402,MCI,ONT,1
3402,MCI,PDX,1
3402,MCI,TUL,1
3402,MCO,ALB,1
3402,MCO,CAK,1
3402,MCO,DAY,1
3402,MCO,GRR,1
3402,MCO,MEM,1
3402,MCO,MSP,1
3402,MCO,MSY,1
3402,MCO,ORF,1
3402,MCO,PSE,1
3402,MCO,ROC,1
3402,MCO,SAT,1
3402,MCO,SEA,1
3402,MDW,BOS,1
3402,MDW,LIT,1
3402,MDW,MIA,1
3402,MDW,MSY,1
3402,MEM,BOS,1
3402,MEM,DCA,1
3402,MEM,FLL,1
3402,MEM,MSY,1
3402,MEM,RIC,1
3402,MHT,TPA,1
3402,MIA,BNA,1
3402,MIA,DEN,1
3402,MIA,EGE,1
3402,MIA,LAS,1
3402,MIA,MCI,1
3402,MIA,PHX,1
3402,MIA,PIT,1
3402,MIA,SDF,1
3402,MIA,STT,1
3402,MIA,STX,1
3402,MIA,TLH,1
3402,MIA,TPA,1
3402,MKE,GRB,1
3402,MKE,MKG,1
3402,MKE,SLC,1
3402,MKE,TPA,1
3402,MKG,MKE,1
3402,MLI,MCO,1
3402,MRY,LAS,1
3402,MRY,ONT,1
3402,MRY,SLC,1
3402,MSP,ABQ,1
3402,MSP,ATW,1
3402,MSP,AVL,1
3402,MSP,BZN,1
3402,MSP,GSO,1
3402,MSP,IAD,1
3402,MSP,MCO,1
3402,MSP,RDU,1
3402,MSP,TYS,1
3402,MSY,BOS,1
3402,MSY,DAL,1
3402,MTJ,ATL,1
3402,OAK,ABQ,1
3402,OAK,BOS,1
3402,OAK,GEG,1
3402,OAK,HOU,1
3402,OGG,DEN,1
3402,OGG,DFW,1
3402,OGG,KOA,1
3402,OKC,MCI,1
3402,OKC,ONT,1
3402,OMA,SAN,1
3402,OMA,STL,1
3402,OMA,TUS,1
3402,ONT,JFK,1
3402,ONT,MCI,1
3402,ONT,MRY,1
3402,ONT,OMA,1
3402,ONT,PDX,1
3402,ONT,SAN,1
3402,ORD,BZN,1
3402,ORD,EGE,1
3402,ORD,OGG,1
3402,ORF,MCO,1
3402,ORF,TPA,1
3402,PBI,CMH,1
3402,PBI,DTW,1
3402,PBI,SWF,1
3402,PDX,BOS,1
3402,PDX,IAD,1
3402,PDX,IAH,1
3402,PDX,ONT,1
3402,PDX,RNO,1
3402,PFN,CVG,1
3402,PHF,FLL,1
3402,PHL,ALB,1
3402,PHL,DCA,1
3402,PHL,MSY,1
3402,PHL,ORF,1
3402,PHL,RSW,1
3402,PHL,SJU,1
3402,PHX,BDL,1
3402,PHX,BUF,1
3402,PHX,DTW,1
3402,PHX,EUG,1
3402,PHX,GEG,1
3402,PHX,KOA,1
3402,PHX,MCO,1
3402,PHX,MIA,1
3402,PHX,MSP,1
3402,PHX,RDU,1
3402,PIT,FLL,1
3402,PIT,LAX,1
3402,PIT,MCO,1
3402,PIT,SFO,1
3402,PIT,SLC,1
3402,PSE,JFK,1
3402,PSE,MCO,1
3402,PSP,MSP,1
3402,PSP,PDX,1
3402,PVD,CLE,1
3402,PVD,MCO,1
3402,PVD,TPA,1
3402,PWM,MCO,1
3402,RAP,ORD,1
3402,RDU,BHM,1
3402,RDU,BNA,1
3402,RDU,PHX,1
3402,RDU,XNA,1
3402,RIC,FLL,1
3402,RIC,MIA,1
3402,RNO,ATL,1
3402,RNO,IAH,1
3402,RNO,MDW,1
3402,RNO,SEA,1
3402,ROC,DFW,1
3402,ROC,TPA,1
3402,RSW,BDL,1
3402,RSW,CMH,1
3402,RSW,MKE,1
3402,RSW,PHL,1
3402,SAN,ABQ,1
3402,SAN,BNA,1
3402,SAN,COS,1
3402,SAN,OGG,1
3402,SAN,TUL,1
3402,SAN,TUS,1
3402,SAT,ELP,1
3402,SAT,MEM,1
3402,SAT,ONT,1
3402,SAT,SLC,1
3402,SAT,TUL,1
3402,SAV,BOS,1
3402,SBP,LAS,1
3402,SCC,BRW,1
3402,SDF,MCO,1
3402,SDF,MIA,1
3402,SDF,TPA,1
3402,SEA,ABQ,1
3402,SEA,FAI,1
3402,SEA,HNL,1
3402,SEA,IAH,1
3402,SEA,MCO,1
3402,SEA,MSP,1
3402,SEA,PSP,1
3402,SFO,ABQ,1
3402,SFO,CLE,1
3402,SFO,COS,1
3402,SFO,MCO,1
3402,SFO,OGG,1
3402,SFO,PIT,1
3402,SGF,BNA,1
3402,SJC,ATL,1
3402,SJC,BOS,1
3402,SJC,EWR,1
3402,SJU,BDL,1
3402,SJU,CLT,1
3402,SJU,EWR,1
3402,SJU,IAH,1
3402,SLC,ABQ,1
3402,SLC,BNA,1
3402,SLC,CLE,1
3402,SLC,DCA,1
3402,SLC,FAT,1
3402,SLC,HNL,1
3402,SLC,IAD,1
3402,SLC,JFK,1
3402,SLC,LWS,1
3402,SLC,MCI,1
3402,SLC,ONT,1
3402,SLC,PIT,1
3402,SLC,SAT,1
3402,SLC,SEA,1
3402,SLC,TUS,1
3402,SLE,SLC,1
3402,SMF,ABQ,1
3402,SMF,BFL,1
3402,SMF,COS,1
3402,SMF,IAD,1
3402,SMF,OKC,1
3402,SMF,SAT,1
3402,SMF,TUS,1
3402,SNA,LIH,1
3402,SNA,STL,1
3402,STL,BHM,1
3402,STT,PHL,1
3402,STT,SJU,1
3402,STX,ATL,1
3402,STX,MIA,1
3402,SWF,PBI,1
3402,SYR,DCA,1
3402,SYR,DFW,1
3402,SYR,FLL,1
3402,TLH,IAH,1
3402,TLH,MIA,1
3402,TPA,BNA,1
3402,TPA,CAK,1
3402,TPA,DAY,1
3402,TPA,FLL,1
3402,TPA,GPT,1
3402,TPA,LAS,1
3402,TPA,LAX,1
3402,TPA,MEM,1
3402,TPA,MIA,1
3402,TPA,MKE,1
3402,TPA,MSP,1
3402,TPA,PHF,1
3402,TPA,ROC,1
3402,TPA,SDF,1
3402,TPA,SJU,1
3402,TUL,AUS,1
3402,TUL,PHX,1
3402,TUL,SAT,1
3402,TUL,SLC,1
3402,TUS,ELP,1
3402,TUS,OAK,1
3402,TUS,OMA,1
3402,TUS,RNO,1
3402,TUS,SFO,1
3402,TWF,SUN,1
3402,TYS,DEN,1
3402,XNA,DEN,1
3402,YUM,IPL,1
3896,Origin,Dest,0
